fp_0,fp_1,fp_2,fp_3,fp_4,fp_5,fp_6,fp_7,fp_8,fp_9,fp_10,fp_11,fp_12,fp_13,fp_14,fp_15,fp_16,fp_17,fp_18,fp_19,fp_20,fp_21,fp_22,fp_23,fp_24,fp_25,fp_26,fp_27,fp_28,fp_29,fp_30,fp_31,color_name
0.06430341,0.20074207,0.035037115,0.0047403155,0.0026793089,0.024732081,0.0053586178,0.0014427048,0.0098928325,0.0014427048,0.88561463,0.40663666,0.050288565,0.030090699,0.01813686,0.011747739,0.120758966,0.32186258,0.21441372,0.14834718,0.8264366,0.35646886,0.009196074,0.060742486,0.13558687,0.10127315,0.14869282,0.1906318,0.8783361,0.22470725,0.29738563,0.050040852,Violet
0.016448887,0.07173542,0.9972138,0.0052545057,0.0021703392,0.0052545057,0.0025130243,0.0033126231,0.0028557095,0.00022845676,0.0026272528,0.0010280554,0.005368734,0.0037695365,0.0012565121,0.0031983946,0.016623156,0.022369431,0.3152243,0.15104496,0.1750562,0.84654963,0.31070936,0.18223904,0.06418779,0.019896483,0.048270598,0.07145433,0.12110903,0.23927684,0.93530774,0.20329016,Yellow
0.97580254,0.16776444,0.030237673,0.0025501652,0.003825248,0.0071040317,0.0023680106,0.000546464,0.0040074023,0.0018215466,0.0051003303,0.0020037012,0.0029144746,0.0061932583,0.0034609386,0.13625169,0.05390874,0.109624475,0.3469434,0.14757141,0.12197229,0.20840697,0.68394834,0.5628795,0.10785905,0.09748799,0.1324533,0.14875068,0.58166844,0.663748,0.39350775,0.073782705,Red
0.024567626,0.99636763,0.07984479,0.008774152,0.004387076,0.0075207017,0.0031336257,0.0017548305,0.0018801754,0.0012534503,0.0056405263,0.0021308656,0.004763111,0.0060165618,0.0010027603,0.0023815555,0.12138374,0.34673294,0.48009175,0.25637552,0.48145255,0.54758763,0.16220787,0.10423761,0.104672804,0.18104824,0.17857565,0.48352793,0.45330742,0.38792127,0.5472657,0.18736707,Gold
0.96848524,0.22077931,0.0,0.0,0.0,0.0029437242,0.0029437242,0.008831172,0.0029437242,0.0,0.0,0.0,0.0029437242,0.0,0.0,0.114805244,0.0,0.0043355497,0.021677747,0.26880407,0.42921942,0.74571455,0.42921942,0.052026596,0.0,0.022375911,0.18273662,0.9099538,0.32072142,0.17900729,0.055939782,0.0074586375,Brown
0.4223722,0.9058772,0.01945135,0.0055575287,0.0027787643,0.0055575287,0.0027787643,0.0027787643,0.008336293,0.0,0.016672585,0.0027787643,0.0,0.008336293,0.008336293,0.0055575287,0.01089376,0.025418775,0.068993814,0.29050028,0.76982576,0.5555818,0.054468803,0.07625632,0.14611353,0.0,0.04495801,0.66313064,0.67437017,0.25850856,0.12363453,0.0,Gold
0.70958346,0.6909102,0.032678187,0.009336624,0.004668312,0.004668312,0.009336624,0.0,0.0,0.0,0.0,0.0,0.014004936,0.0,0.042014807,0.12604442,0.01831995,0.042746548,0.26869258,0.61066496,0.55570513,0.470212,0.1465596,0.0366399,0.04539091,0.86747074,0.40347475,0.23704141,0.14121616,0.08069495,0.0,0.0,Brown
0.05204421,0.5724863,0.43370175,0.34696138,0.2688951,0.3209393,0.4250277,0.060718246,0.03469614,0.0,0.008674035,0.0,0.0,0.0,0.008674035,0.008674035,0.019994225,0.093306385,0.45986718,0.7064626,0.51984984,0.08664164,0.019994225,0.046653192,0.07970124,0.086343005,0.80365413,0.43171504,0.21917841,0.32544672,0.0,0.0,Green
0.051327545,0.22954819,0.9718966,0.0,0.0,0.0,0.0033267853,0.0009505101,0.00047525504,0.0,0.0,0.0019010202,0.008554591,0.00047525504,0.0009505101,0.0,0.09728515,0.051074706,0.1613312,0.15889908,0.23429507,0.2691556,0.37616926,0.8171953,0.06421235,0.013802655,0.06541258,0.15002887,0.10802078,0.09541836,0.14282748,0.9631853,Yellow
0.9571245,0.28883252,0.007823906,0.0,0.0,0.0,0.0052159373,0.0,0.0,0.0,0.0,0.0,0.012387851,0.0,0.0013039843,0.015647812,0.10361498,0.04869904,0.07460278,0.13988023,0.21137457,0.38752002,0.2393506,0.84238976,0.32176745,0.2042968,0.2783544,0.4826512,0.5081883,0.51201886,0.090656705,0.12513179,Brown
0.48902166,0.8716241,0.021114925,0.0,0.0,0.014358149,0.00844597,0.0,0.000844597,0.0,0.0101351645,0.006756776,0.011824358,0.0,0.006756776,0.00844597,0.22517219,0.21493709,0.4942091,0.33483398,0.30997732,0.15060218,0.14036709,0.6389627,0.7250933,0.3051603,0.48609608,0.2646523,0.17958549,0.10937162,0.11882348,0.12827535,Black
0.08674258,0.98762625,0.13011387,0.0030979493,0.0,0.0,0.0024783595,0.0,0.0,0.0,0.0,0.010533028,0.0037175394,0.0,0.0,0.0,0.23070203,0.41797778,0.5048303,0.38812223,0.42069194,0.22391668,0.15606314,0.3392677,0.16163467,0.11576537,0.18675357,0.242452,0.16491105,0.17474018,0.24682051,0.8649639,Gold
0.947043,0.2165726,0.02315556,0.014399257,0.004670029,0.0075887972,0.004670029,0.0015566763,0.0052537825,0.0029187682,0.0062267054,0.0007783382,0.0044754446,0.009340058,0.0038916909,0.23486355,0.025307039,0.17714927,0.072787866,0.13834514,0.1465398,0.1450937,0.21185607,0.92527354,0.17110454,0.11759861,0.12332117,0.09127483,0.25207877,0.8194706,0.23262206,0.37969184,Red
0.9344435,0.25740984,0.015612137,0.0049501895,0.0011423514,0.0032366624,0.001903919,0.0007615676,0.0009519595,0.0009519595,0.004188622,0.0009519595,0.006282933,0.011804298,0.0055213654,0.24503438,0.020219602,0.081841245,0.11915123,0.18486494,0.1562205,0.15838689,0.2599663,0.9096414,0.13822247,0.087103,0.10338127,0.11908837,0.1813456,0.5771645,0.66883683,0.3675461,Red
0.96400124,0.2243964,0.034181926,0.0021253012,0.0021253012,0.013106024,0.0019481928,0.0033650603,0.0054903617,0.0005313253,0.005136145,0.001239759,0.0019481928,0.01133494,0.001239759,0.13708194,0.028998476,0.062346723,0.18414032,0.21120557,0.13580953,0.1280766,0.2740356,0.8982278,0.06742156,0.15423045,0.13310695,0.12297925,0.3194567,0.47224033,0.716752,0.3162737,Red
0.015386089,0.9975315,0.066673055,0.008405363,0.00413145,0.0049862326,0.0024218843,0.0018520292,0.002706812,0.0018520292,0.0048437687,0.0011397103,0.0025643483,0.006553334,0.002136957,0.006125943,0.03463112,0.3231207,0.2640623,0.46968457,0.59027505,0.44958615,0.1252286,0.19449085,0.1722108,0.1582915,0.18548268,0.33600527,0.30428222,0.37484983,0.3962143,0.63866895,Gold
0.16164033,0.9825553,0.09080918,0.0027242755,0.0,0.0009080918,0.0036323671,0.0009080918,0.0,0.0,0.0,0.0,0.013621377,0.0,0.0,0.0018161836,0.338068,0.5440782,0.6074659,0.34158954,0.23594329,0.14790475,0.08979931,0.13557935,0.4523022,0.2684395,0.40817514,0.58836055,0.28682578,0.106640354,0.11583349,0.3217597,Black
0.47806218,0.59113085,0.62782854,0.052567005,0.019836605,0.0,0.004959151,0.0009918303,0.11505231,0.0009918303,0.0,0.0019836605,0.015869284,0.10513401,0.004959151,0.009918302,0.9586574,0.24151647,0.116313145,0.051118515,0.06445378,0.030374771,0.028152227,0.025188835,0.113365024,0.02034757,0.04069514,0.09883105,0.075576685,0.074123286,0.08575047,0.9781367,White
0.23237717,0.96123546,0.14748661,0.00085748034,0.0,0.0017149607,0.0017149607,0.00085748034,0.0,0.0,0.0,0.0017149607,0.015434646,0.005144882,0.0,0.0,0.13515137,0.18020184,0.32703295,0.33037004,0.36707783,0.43381923,0.35873514,0.5305943,0.0767425,0.02437703,0.02437703,0.11105091,0.073131084,0.054171175,0.09570241,0.98140115,Orange
0.07323391,0.8342728,0.5462854,0.0,0.0,0.0,0.00395859,0.0,0.0,0.0,0.0009896475,0.00395859,0.012865417,0.0,0.0,0.0,0.15601341,0.2860246,0.53391254,0.53217906,0.39870095,0.30162594,0.13867858,0.23748708,0.086442485,0.09771759,0.08393691,0.17664334,0.1453236,0.15534592,0.1941824,0.9283171,Gold
0.19477442,0.9781435,0.07005045,0.0,0.0,0.0051256428,0.0,0.0,0.0,0.0,0.0,0.0,0.008542738,0.017085476,0.0,0.0,0.074314356,0.012385726,0.11921261,0.32976997,0.34989676,0.3266735,0.40408432,0.6920524,0.023143811,0.00534088,0.03115513,0.10859788,0.07477231,0.038276304,0.05785953,0.98806274,Orange
0.3126822,0.9391554,0.14081788,0.0,0.0,0.0011088022,0.0044352086,0.0,0.0,0.0,0.0,0.0,0.018849637,0.0,0.0033264065,0.0,0.31337613,0.28508523,0.36560547,0.47659287,0.3764866,0.37431037,0.2916139,0.30467123,0.3775119,0.5926531,0.37345263,0.371423,0.27400056,0.12380766,0.144104,0.34300813,Black
0.25067553,0.9523905,0.17300142,0.0,0.0,0.002647981,0.00088266033,0.0,0.0,0.0,0.00088266033,0.00088266033,0.0044133016,0.012357244,0.0017653207,0.0,0.13126762,0.06563381,0.15627098,0.34067073,0.4156808,0.34692156,0.40474185,0.61727035,0.03523785,0.02554744,0.042285416,0.096023135,0.08192799,0.0572615,0.07311853,0.98577875,Orange
0.066147864,0.7800293,0.6219617,0.0025771894,0.0008590631,0.0017181262,0.0017181262,0.0,0.0,0.0,0.0008590631,0.0017181262,0.018040325,0.0,0.0,0.0,0.21353011,0.26184714,0.4582325,0.4566739,0.40991548,0.42238438,0.2587299,0.23223348,0.06413987,0.09289223,0.08736293,0.19463134,0.20458408,0.16366726,0.2067958,0.91122854,Gold
0.25588566,0.94463515,0.20403217,0.0,0.0,0.0011272496,0.0045089982,0.0,0.0,0.0,0.0,0.0011272496,0.015781494,0.0,0.0,0.016908742,0.31690624,0.6702385,0.50450015,0.35515356,0.20216432,0.12566972,0.094707616,0.063745506,0.30341488,0.29553396,0.4472414,0.62850225,0.32311714,0.12018381,0.09260064,0.313266,Black
0.21556935,0.114124954,0.019020826,0.0,0.0,0.0,0.0015850688,0.007925344,0.0,0.0,0.0015850688,0.70694065,0.63561255,0.12205029,0.11253988,0.093519054,0.20647372,0.331399,0.7408763,0.4407086,0.27067143,0.17003718,0.043376833,0.019085806,0.14360686,0.10814837,0.14537978,0.24643646,0.22516137,0.3368556,0.8102264,0.2553011,Violet
0.9077999,0.40467185,0.10930312,0.0,0.0,0.0025031248,0.0008343749,0.0,0.0,0.0,0.0,0.0016687498,0.009178124,0.007509374,0.0050062495,0.0041718744,0.123838134,0.11145432,0.17474937,0.27106792,0.29033163,0.30959535,0.37426636,0.7402769,0.038226213,0.025484143,0.059159618,0.15017441,0.0891945,0.091014795,0.16837737,0.9629365,Red
0.06307295,0.6929938,0.71806127,0.0,0.0,0.0,0.0024258827,0.0,0.0,0.0,0.0,0.0040431377,0.012129414,0.0,0.0,0.0,0.18417524,0.41974822,0.5339654,0.4454471,0.40118793,0.2669827,0.20559096,0.17846438,0.07149941,0.09118765,0.09118765,0.20620842,0.1689044,0.1689044,0.19895487,0.91602135,Gold
0.81882024,0.562371,0.054520708,0.0,0.0,0.0020192855,0.0030289283,0.0010096427,0.0,0.0,0.0030289283,0.0020192855,0.016154284,0.027260354,0.016154284,0.09490642,0.40055907,0.28966048,0.31117812,0.27807406,0.32276452,0.22014196,0.17048588,0.63228744,0.73488027,0.41673088,0.23599814,0.29873183,0.15384689,0.13442932,0.092606865,0.30171913,Black
0.98150605,0.18292436,0.054796726,0.0008058342,0.0016116684,0.0024175025,0.0,0.0008058342,0.0008058342,0.0,0.0008058342,0.0008058342,0.004835005,0.007252508,0.0008058342,0.00967001,0.08729783,0.085766286,0.17765874,0.23126267,0.3185605,0.32009205,0.45639917,0.6983826,0.07192929,0.033966612,0.04495581,0.12188019,0.091909654,0.08591554,0.12687528,0.97204447,Red
0.99021393,0.1304809,0.008004963,0.0,0.0,0.0016009926,0.0048029777,0.0,0.0,0.0,0.0,0.0,0.005603474,0.0048029777,0.0,0.04802978,0.15080933,0.0770439,0.12949932,0.22785324,0.35571334,0.5130796,0.38849798,0.60159814,0.056986496,0.03730025,0.041444726,0.13883983,0.07978109,0.08392557,0.13573147,0.9708427,Red
0.12363224,0.9101437,0.3952286,0.0006576183,0.0,0.0019728548,0.0013152366,0.0006576183,0.0006576183,0.0,0.0,0.0006576183,0.011837129,0.0006576183,0.0,0.0,0.33540675,0.31781986,0.4723331,0.38942355,0.3793739,0.31028265,0.19471177,0.36555567,0.11335773,0.0726874,0.07528338,0.19037177,0.1713346,0.15316273,0.21027426,0.9181111,Gold
0.15138014,0.82782704,0.09209841,0.0455199,0.010586023,0.008468819,0.050812915,0.019054843,0.18948983,0.42238235,0.24241994,0.06669195,0.021172047,0.0042344094,0.0042344094,0.009527422,0.9554174,0.24103235,0.1393922,0.09365413,0.022506032,0.011616017,0.011616017,0.010164015,0.07920341,0.05792488,0.19623531,0.35464212,0.48349544,0.6300809,0.35818854,0.25888875,Gray
0.7580292,0.6515347,0.020505153,0.0026458262,0.0,0.0,0.00066145655,0.0,0.0,0.0,0.0,0.0,0.01918224,0.0,0.0,0.009921848,0.15919098,0.21225464,0.2641893,0.2980597,0.44596055,0.2641893,0.16257803,0.6898276,0.15973186,0.15853985,0.2765507,0.4696594,0.4744275,0.412442,0.2348297,0.44939488,Brown
0.055578835,0.067929685,0.9960962,0.0,0.0,0.0,0.0006175426,0.0,0.0,0.0,0.0,0.0037052557,0.0067929686,0.003087713,0.003087713,0.003087713,0.07799356,0.035555884,0.060789093,0.13763568,0.2328337,0.414054,0.38767385,0.7707598,0.053095248,0.009455318,0.018910635,0.07782454,0.039275937,0.042185266,0.11491848,0.98698974,Yellow
0.07876463,0.9735309,0.2142398,0.0,0.0,0.0006301171,0.0006301171,0.0012602342,0.0012602342,0.0,0.0,0.0063011707,0.009451756,0.0006301171,0.0,0.0012602342,0.16438672,0.40255332,0.51904786,0.4439736,0.42326346,0.22004522,0.18509686,0.2873532,0.096526705,0.044477988,0.108829126,0.1883217,0.12113155,0.17696562,0.3009362,0.8971305,Gold
0.9413806,0.2541391,0.13183816,0.0,0.0,0.0,0.0,0.00056101347,0.0011220269,0.0,0.0,0.0011220269,0.00056101347,0.0016830404,0.0011220269,0.17840229,0.16074935,0.45144576,0.27337015,0.23197958,0.46010888,0.5188257,0.38502836,0.11262079,0.044364855,0.015102929,0.04106109,0.07881841,0.03256569,0.017462762,0.049556486,0.9930176,Red
0.06754828,0.15439609,0.101644084,0.011579706,0.002573268,0.0,0.0064331703,0.011579706,0.028949264,0.9791285,0.03602575,0.010293072,0.0032165851,0.0,0.0,0.002573268,0.29901958,0.29019243,0.1798531,0.08275449,0.2802619,0.33212137,0.22398883,0.7403769,0.11615416,0.019506805,0.019506805,0.123247534,0.13300094,0.2881687,0.83347255,0.41850963,Blue
0.065279216,0.013390608,0.20336986,0.21508664,0.3858169,0.87122643,0.0,0.0,0.0,0.001673826,0.006695304,0.0,0.0,0.0,0.0,0.0,0.1182512,0.19592601,0.23418374,0.3049026,0.74660563,0.29794666,0.32577047,0.21795319,0.11234521,0.008154088,0.028992312,0.115063235,0.11778127,0.18301398,0.7818864,0.56082004,Green
0.07725072,0.8590959,0.50594974,0.0,0.0,0.0,0.0,0.00084890897,0.0,0.0,0.0,0.00084890897,0.0,0.0,0.0,0.0,0.16800193,0.6345197,0.5248325,0.42069906,0.28185448,0.12912545,0.10691032,0.095802754,0.056108423,0.023774754,0.022823764,0.1654723,0.10175595,0.10460892,0.18829605,0.95479417,Gold
0.9485091,0.3148935,0.008614109,0.0,0.0,0.0038284927,0.0019142464,0.0028713695,0.0,0.0,0.0,0.0,0.020099586,0.0,0.0,0.025842326,0.13277394,0.08074091,0.27810755,0.20274939,0.31758088,0.52930146,0.3516715,0.5938942,0.059104938,0.06054652,0.18019798,0.21191283,0.12830096,0.1254178,0.36760387,0.8649503,Red
0.1533467,0.97230095,0.16992472,0.033984944,0.0024867032,0.0,0.017406922,0.0,0.0,0.0033156043,0.0066312086,0.020722527,0.0024867032,0.0041445056,0.011604615,0.011604615,0.6098646,0.53752893,0.53628176,0.14966002,0.14716569,0.044898007,0.027437672,0.06859418,0.26755086,0.16403416,0.22773674,0.45069578,0.39973372,0.4363627,0.3296609,0.4331776,Gray
0.055186763,0.2289505,0.9717345,0.0,0.0,0.0022373013,0.0029830683,0.0,0.0,0.0,0.0,0.0,0.01566111,0.0029830683,0.0,0.0,0.09885598,0.023413258,0.13787808,0.22242595,0.25754583,0.4552578,0.28356057,0.75312644,0.04383018,0.0059768427,0.10559089,0.18627825,0.12053299,0.12352141,0.18030141,0.94334495,Yellow
0.087947614,0.99562067,0.026854232,0.0,0.0,0.0,0.0046994905,0.0,0.0006713558,0.0,0.0,0.0046994905,0.01275576,0.0,0.0,0.008727626,0.115149006,0.20908636,0.5727148,0.498474,0.39544594,0.293933,0.21060148,0.28181204,0.123914,0.110589914,0.17721035,0.26648173,0.21984743,0.21984743,0.33576697,0.8127693,Gold
0.06294125,0.20418736,0.9768284,0.0,0.0,0.0009912008,0.0014868012,0.0,0.0,0.0,0.0,0.0014868012,0.005947205,0.010407608,0.0014868012,0.0009912008,0.05612735,0.018926665,0.060695857,0.06787494,0.095938616,0.14162366,0.29238433,0.9345857,0.08021366,0.024781454,0.112820834,0.14281943,0.10108225,0.08934367,0.15847088,0.95734674,Yellow
0.19466528,0.92962605,0.13904662,0.025822945,0.040720798,0.017877424,0.07945522,0.09733264,0.19565848,0.12911473,0.061577793,0.022843376,0.009931902,0.003972761,0.026816135,0.005959141,0.9305808,0.26986843,0.20726572,0.08290628,0.076984406,0.043991093,0.019457597,0.055834845,0.28769422,0.182289,0.22817127,0.29513457,0.43278137,0.7068349,0.1599679,0.17980888,Gray
0.106756404,0.3832281,0.05109708,0.01277427,0.004562239,0.0018248957,0.007299583,0.0027373435,0.016424062,0.8686504,0.28650862,0.036497913,0.018248957,0.006387135,0.010036927,0.01277427,0.38493598,0.37210476,0.2129979,0.19118486,0.24892525,0.22197974,0.2643227,0.6710717,0.26640725,0.17850637,0.23530385,0.33267096,0.35566044,0.47331235,0.49224484,0.37188828,Blue
0.08280419,0.98825,0.12780647,0.0,0.0,0.00060003035,0.003600182,0.00060003035,0.00060003035,0.0,0.0,0.009600486,0.0078003947,0.00060003035,0.00060003035,0.001800091,0.14854163,0.17901172,0.59162736,0.41896358,0.39738062,0.26026526,0.20440345,0.39103267,0.22463712,0.13168383,0.18258682,0.22242394,0.18258682,0.20803832,0.27000716,0.8365796,Gold
0.13360363,0.43636668,0.30922773,0.16592708,0.17239177,0.24781318,0.75960124,0.003232346,0.003232346,0.003232346,0.005387243,0.012929384,0.015084281,0.0,0.0010774486,0.0,0.19787546,0.42658865,0.3649132,0.35077924,0.38290188,0.25826603,0.2094396,0.51524717,0.49120802,0.3702953,0.3400671,0.5189172,0.25316104,0.15114093,0.19144517,0.33628857,Green
0.06296295,0.5438425,0.8366202,0.0023611106,0.0,0.0,0.0039351843,0.0,0.0015740738,0.0007870369,0.0007870369,0.006296295,0.016527776,0.0,0.0,0.0,0.08175702,0.0012387427,0.18209518,0.27623963,0.30101448,0.46328977,0.3332218,0.683786,0.07891108,0.03353721,0.13217606,0.15683578,0.11738024,0.14105356,0.27125683,0.91832775,Yellow
0.09741882,0.205936,0.08262103,0.034528192,0.011098347,0.0061657485,0.009865197,0.030828742,0.18250614,0.94952524,0.054258585,0.030828742,0.003699449,0.007398898,0.0012331497,0.0012331497,0.34901398,0.22966206,0.17541118,0.164561,0.2368955,0.26944605,0.37613943,0.7052614,0.21568584,0.2194369,0.21005926,0.3413463,0.418243,0.53265023,0.513895,0.14816679,Blue
0.071230985,0.9951986,0.06580386,0.0,0.0,0.0,0.004070342,0.0,0.0,0.0,0.0,0.010175855,0.0074622934,0.0,0.0,0.0,0.10036923,0.34368858,0.5535515,0.45926526,0.42885035,0.2889417,0.17336504,0.2387571,0.10232336,0.10232336,0.19939937,0.2899162,0.1797218,0.21382958,0.32402396,0.8198987,Gold
0.34619576,0.9378565,0.0121937245,0.00053016195,0.0,0.0037111337,0.0031809718,0.0,0.0,0.0,0.0,0.0047714575,0.01908583,0.0,0.0,0.0037111337,0.0699556,0.025938595,0.03537081,0.13126501,0.15170148,0.37414458,0.3576382,0.827677,0.09085163,0.025129175,0.05605739,0.12371285,0.09471766,0.10116103,0.1636618,0.96264064,Orange
0.05241382,0.38247922,0.9221999,0.0,0.0028331794,0.006374654,0.00070829486,0.0,0.0,0.0,0.00070829486,0.0028331794,0.021248845,0.00070829486,0.0,0.0,0.07134574,0.021311063,0.039842423,0.16863537,0.17604792,0.15566343,0.27611727,0.9126695,0.061696846,0.030358765,0.15864903,0.14395931,0.12143506,0.15571108,0.37703627,0.87648696,Yellow
0.1760083,0.89481145,0.39263391,0.10462032,0.020924063,0.0,0.020924063,0.0,0.0,0.0012308273,0.0135391,0.029539855,0.0061541367,0.0,0.03323234,0.012308273,0.97555614,0.18733135,0.07779881,0.044017747,0.0358284,0.053230766,0.028662719,0.016378697,0.060725376,0.018892338,0.12819801,0.19162229,0.13629472,0.13629472,0.29283124,0.9054828,White
0.06993308,0.9790631,0.18907832,0.0,0.0,0.001295057,0.007770342,0.0,0.0,0.0,0.0,0.005180228,0.026548669,0.0,0.0006475285,0.0,0.19100352,0.31141877,0.42214546,0.45259526,0.4581316,0.29757795,0.25743952,0.34463677,0.116762966,0.15486456,0.22738051,0.24212952,0.24212952,0.25564945,0.49409172,0.6956615,Gold
0.488889,0.19033083,0.009703141,0.0,0.0,0.0,0.006717559,0.0,0.0,0.0,0.0,0.00074639544,0.02463105,0.0,0.0,0.8508908,0.07999087,0.024785904,0.2039204,0.21068019,0.6286606,0.32672328,0.4799452,0.41798046,0.1345953,0.05140793,0.11122807,0.1719829,0.14113814,0.12244435,0.3542474,0.8814123,Red
0.04231758,0.13870762,0.9891735,0.0,0.0,0.0023509767,0.0029387209,0.0,0.0,0.0,0.0,0.0011754883,0.021746535,0.004114209,0.0,0.0,0.05520809,0.012001759,0.020002931,0.0648095,0.09361372,0.14882182,0.31364596,0.9289361,0.050425515,0.0104328655,0.12519439,0.17475049,0.11302271,0.12171677,0.257344,0.9259168,Yellow
0.3618347,0.4172508,0.008692726,0.004346363,0.0,0.0,0.004346363,0.0076061347,0.0,0.0,0.0,0.0010865907,0.028251357,0.73996824,0.3357565,0.18363383,0.09519823,0.11733735,0.74608845,0.47488418,0.38743466,0.19150342,0.083021715,0.036529552,0.15206425,0.1991638,0.25837463,0.35122803,0.46964976,0.608257,0.3189312,0.23415202,Violet
0.056591995,0.99812746,0.014980234,0.0,0.0,0.0,0.0066578817,0.0,0.0,0.0,0.0005548235,0.0033289408,0.01608988,0.0,0.0,0.0,0.082279004,0.11857856,0.6957416,0.38235536,0.42591485,0.31217623,0.17786784,0.19601762,0.08103774,0.13153951,0.1961348,0.24193874,0.20435603,0.23724091,0.49914548,0.7293396,Gold
0.973324,0.20870136,0.003078191,0.0,0.0,0.0,0.005540744,0.0006156382,0.0,0.0,0.0,0.0049251057,0.005540744,0.0,0.0,0.09480829,0.09834038,0.122636236,0.18048352,0.20940715,0.29155028,0.45699352,0.42691293,0.6502034,0.07782222,0.057440214,0.13155662,0.18529102,0.15286508,0.115806885,0.34556773,0.8847646,Red
0.9653095,0.23464647,0.0039107744,0.0,0.0,0.0,0.005214366,0.00065179577,0.0,0.0,0.0,0.0019553872,0.007821549,0.0,0.0,0.11406426,0.09670775,0.053356,0.24121358,0.14228266,0.21008925,0.520221,0.3001275,0.71030176,0.052622087,0.023589212,0.13518433,0.18145548,0.1324625,0.12520428,0.29849425,0.9072774,Red
0.09733956,0.9896988,0.104532145,0.0,0.0,0.0,0.0033565369,0.0,0.0,0.0,0.0,0.0091106,0.0,0.0,0.0,0.0,0.15628858,0.37821838,0.56576467,0.46782383,0.37821838,0.24797788,0.21151055,0.21046862,0.21965486,0.11429196,0.14375785,0.23662007,0.18751024,0.20268965,0.30537382,0.8321883,Gold
0.10191718,0.08197686,0.28581122,0.20383435,0.31461388,0.871835,0.008862363,0.0011077954,0.0,0.0,0.0,0.009970158,0.019940317,0.0,0.0,0.0011077954,0.092924066,0.0025458648,0.09674286,0.20876092,0.30168498,0.546088,0.2316737,0.7039316,0.25064355,0.15348399,0.20699215,0.32245716,0.46467626,0.70123875,0.22529759,0.09152714,Green
0.07079934,0.13186377,0.9885358,0.0,0.0,0.0061949426,0.0,0.0008849918,0.0,0.0,0.0,0.0017699836,0.017699836,0.0053099506,0.0035399671,0.0,0.08735266,0.0,0.09847028,0.22711693,0.28588146,0.5098219,0.27635208,0.71629184,0.091896586,0.023280468,0.06494025,0.17889202,0.12130349,0.08822072,0.18134259,0.9483728,Yellow
0.24109627,0.97029436,0.007681989,0.0,0.0,0.0,0.004727378,0.00059092225,0.0,0.0,0.0,0.002363689,0.017727667,0.0,0.0,0.0,0.09602163,0.069088735,0.35129866,0.28220993,0.32787874,0.37588957,0.29509088,0.66863847,0.089594804,0.16485444,0.19352476,0.31895748,0.38227114,0.5686283,0.26161683,0.5363742,Brown
0.064680375,0.99526197,0.07167285,0.0,0.0,0.00058270607,0.0029135305,0.00058270607,0.0,0.0,0.0,0.007575179,0.008157885,0.0,0.0,0.0,0.08278525,0.15357263,0.6598824,0.5423034,0.36233544,0.18356729,0.17876814,0.20756301,0.107834466,0.08692779,0.14414607,0.19146119,0.1936619,0.18705979,0.46874982,0.7944539,Gold
0.955486,0.29201138,0.0051592113,0.0,0.0,0.0020636846,0.009286581,0.003095527,0.0,0.0,0.0,0.0,0.018573161,0.0,0.0,0.03611448,0.09767214,0.021310287,0.20244771,0.16693057,0.29834402,0.5558433,0.25572345,0.6766016,0.057750158,0.025835598,0.07598705,0.24771778,0.15805307,0.15957281,0.35409966,0.8677721,Red
0.055435326,0.2003591,0.97803754,0.0,0.0,0.0031677329,0.0031677329,0.0,0.0,0.0,0.0,0.0015838664,0.014254798,0.0,0.0,0.0,0.1058078,0.03174234,0.21615022,0.24486949,0.37183884,0.47311202,0.2977734,0.65600836,0.056279834,0.015349045,0.06548926,0.15963008,0.11358294,0.09209427,0.16167662,0.9588037,Yellow
0.5030326,0.8638652,0.011553752,0.0,0.0,0.0,0.0062212516,0.0,0.0,0.0,0.0,0.0,0.019552505,0.0,0.0026662506,0.011553752,0.09397715,0.04915728,0.241449,0.2400032,0.35711318,0.36000478,0.20964135,0.75615466,0.24152514,0.17156614,0.29149586,0.4647277,0.45639923,0.45473355,0.16823477,0.4097599,Brown
0.053551573,0.99711525,0.05204308,0.0,0.0,0.0,0.0045254854,0.0,0.0,0.0,0.0,0.011313713,0.0060339803,0.0,0.0,0.0,0.1444116,0.21989948,0.6859551,0.43651688,0.39549085,0.25107926,0.13292432,0.1805145,0.06867225,0.059246644,0.11176072,0.25449127,0.15754221,0.21274932,0.26257035,0.8806206,Gold
0.15263923,0.9635884,0.17054662,0.08442058,0.056280386,0.0068218648,0.058838584,0.047753055,0.02217106,0.020465594,0.0051163984,0.017054662,0.0017054662,0.0025581992,0.0136437295,0.040078454,0.80578494,0.47457275,0.3055062,0.1295188,0.10480148,0.049434662,0.019773863,0.039547727,0.21031834,0.1925642,0.23490101,0.30728328,0.45341358,0.4998475,0.28270063,0.48345906,Gray
0.99227715,0.12225524,0.005024188,0.0,0.0,0.0033494588,0.0041868235,0.0008373647,0.0,0.0,0.0,0.0,0.011723106,0.0066989176,0.0,0.0142352,0.08833195,0.021321505,0.08680899,0.14011276,0.34114408,0.39292488,0.24367435,0.7965105,0.10383511,0.059740752,0.10525751,0.21620463,0.14223988,0.16215347,0.28874695,0.8932665,Red
0.28276587,0.9589855,0.01023166,0.0,0.0,0.005580905,0.00093015085,0.00093015085,0.0,0.0,0.0,0.0,0.008371358,0.008371358,0.01023166,0.0027904524,0.07806756,0.0029459458,0.0707027,0.14435135,0.327,0.36677027,0.23125675,0.8204459,0.10054545,0.03120376,0.045072097,0.16873145,0.10979101,0.07280877,0.10979101,0.9638495,Orange
0.14733882,0.97956026,0.13600506,0.0,0.0,0.0,0.0048573236,0.0,0.0,0.0,0.0,0.013762417,0.0048573236,0.0,0.0016191079,0.0040477696,0.18058291,0.3396284,0.52352476,0.41252425,0.4721663,0.24685186,0.15076187,0.31809098,0.18408684,0.115229934,0.13911906,0.2585647,0.20657073,0.20516549,0.3035325,0.83049864,Gold
0.10191718,0.08197686,0.28581122,0.20383435,0.31461388,0.871835,0.008862363,0.0011077954,0.0,0.0,0.0,0.009970158,0.019940317,0.0,0.0,0.0011077954,0.092924066,0.0025458648,0.09674286,0.20876092,0.30168498,0.546088,0.2316737,0.7039316,0.25064355,0.15348399,0.20699215,0.32245716,0.46467626,0.70123875,0.22529759,0.09152714,Green
0.07079934,0.13186377,0.9885358,0.0,0.0,0.0061949426,0.0,0.0008849918,0.0,0.0,0.0,0.0017699836,0.017699836,0.0053099506,0.0035399671,0.0,0.08735266,0.0,0.09847028,0.22711693,0.28588146,0.5098219,0.27635208,0.71629184,0.091896586,0.023280468,0.06494025,0.17889202,0.12130349,0.08822072,0.18134259,0.9483728,Yellow
0.24109627,0.97029436,0.007681989,0.0,0.0,0.0,0.004727378,0.00059092225,0.0,0.0,0.0,0.002363689,0.017727667,0.0,0.0,0.0,0.09602163,0.069088735,0.35129866,0.28220993,0.32787874,0.37588957,0.29509088,0.66863847,0.089594804,0.16485444,0.19352476,0.31895748,0.38227114,0.5686283,0.26161683,0.5363742,Brown
0.064680375,0.99526197,0.07167285,0.0,0.0,0.00058270607,0.0029135305,0.00058270607,0.0,0.0,0.0,0.007575179,0.008157885,0.0,0.0,0.0,0.08278525,0.15357263,0.6598824,0.5423034,0.36233544,0.18356729,0.17876814,0.20756301,0.107834466,0.08692779,0.14414607,0.19146119,0.1936619,0.18705979,0.46874982,0.7944539,Gold
0.10457727,0.18967447,0.11790575,0.012303209,0.008202139,0.007176872,0.009227406,0.014353744,0.04818757,0.96067554,0.11072888,0.03178329,0.007176872,0.0020505348,0.005126337,0.007176872,0.40592107,0.28461134,0.19751716,0.17107785,0.14774905,0.25039577,0.31727165,0.7076402,0.27155656,0.18659101,0.22824079,0.2798865,0.30654237,0.4731415,0.571435,0.34152818,Blue
0.18108504,0.96401155,0.104390204,0.035151802,0.015978092,0.009586855,0.030890977,0.02769536,0.122498706,0.06284716,0.056455925,0.015978092,0.014912886,0.0021304123,0.025564946,0.020238917,0.8321485,0.45762148,0.22881074,0.14812484,0.1348779,0.06984749,0.02047254,0.018064005,0.15789336,0.1513823,0.2832314,0.3662475,0.3711308,0.60878474,0.2148652,0.4281026,Gray
0.24891911,0.9683442,0.010737687,0.0,0.0,0.0029284602,0.0029284602,0.0009761534,0.0,0.0,0.0,0.0009761534,0.014642301,0.0,0.0,0.0,0.10232602,0.02154232,0.2423511,0.21003762,0.2674838,0.4613647,0.2656886,0.72884846,0.043859478,0.0037593837,0.07769393,0.19548796,0.10400962,0.08395957,0.1390972,0.9573898,Orange
0.114287324,0.9797966,0.163745,0.00066834694,0.00066834694,0.0,0.0046784286,0.00066834694,0.0,0.0,0.00066834694,0.00868851,0.0040100818,0.0026733878,0.00066834694,0.0013366939,0.22228469,0.3875733,0.42604566,0.45026898,0.41892114,0.22798431,0.23795861,0.36334997,0.16598469,0.12673156,0.12897459,0.23327579,0.17047077,0.20075175,0.26131374,0.86469054,Gold
0.987824,0.14253715,0.014813747,0.003251798,0.0014452436,0.006142285,0.0018065545,0.00090327725,0.003613109,0.00054196635,0.00596163,0.001625899,0.0074068736,0.022039965,0.0021678654,0.054919258,0.054143682,0.24687274,0.1613089,0.085563846,0.086686,0.15401493,0.26959625,0.89379156,0.08674088,0.020578166,0.04428213,0.05912967,0.08830378,0.1620205,0.8160936,0.5352928,Red
0.96179557,0.268726,0.03988755,0.0076778852,0.0069288234,0.004494372,0.003932575,0.0043071066,0.0035580446,0.000749062,0.0016853894,0.0013108585,0.0058052302,0.013857647,0.0035580446,0.026966231,0.27386877,0.1952144,0.30829978,0.13709232,0.14309406,0.1955303,0.21574667,0.817184,0.12324866,0.15879478,0.6770371,0.4415026,0.18337806,0.10564171,0.3016436,0.41293284,Brown
0.98282516,0.16803247,0.016803246,0.00049421313,0.0008236885,0.009554787,0.005601082,0.0037889672,0.00939005,0.0,0.0029652787,0.002306328,0.011861115,0.012684803,0.0009884263,0.070672475,0.07053156,0.28290132,0.17955838,0.09662566,0.075182,0.15372264,0.31545436,0.86291367,0.090836145,0.026641887,0.052522577,0.07053757,0.14183633,0.3783148,0.78048044,0.4592554,Red
0.01682204,0.9990422,0.03722655,0.002959433,0.0014018366,0.0048285485,0.0017133559,0.00077879813,0.0015575963,0.00031151925,0.0031151925,0.0015575963,0.0034267118,0.013395328,0.0,0.0015575963,0.14073008,0.28521296,0.34638363,0.25293887,0.3527634,0.56479675,0.4799834,0.20265132,0.07741317,0.08192894,0.076445505,0.1222483,0.29997602,0.4867353,0.45222193,0.6596247,Gold
0.13491474,0.046155043,0.34438762,0.24852715,0.25562793,0.25740314,0.81658924,0.010651164,0.0,0.005325582,0.014201552,0.023077521,0.001775194,0.0,0.0,0.0,0.22298312,0.2935186,0.4436909,0.33902535,0.4505169,0.37998143,0.35040203,0.2866926,0.46933258,0.2909086,0.4654538,0.6244838,0.25987837,0.07563624,0.09890893,0.07369685,Green
0.30195937,0.9529123,0.011288201,0.0,0.0,0.004703417,0.0028220504,0.0,0.0,0.0,0.0,0.0,0.02445777,0.004703417,0.0,0.0009406834,0.081782915,0.0046292217,0.06480911,0.20985806,0.2422626,0.47680983,0.30707172,0.751477,0.12225944,0.034232643,0.05012637,0.18094397,0.12959501,0.08558161,0.14059836,0.95117843,Orange
0.14008467,0.5125451,0.2636888,0.07086636,0.023072768,0.02966499,0.034609154,0.06427414,0.29335377,0.73997664,0.00988833,0.004944165,0.051089704,0.0,0.004944165,0.0,0.34725943,0.3658626,0.29971796,0.30591902,0.35139346,0.41340408,0.3369243,0.39273387,0.22954287,0.18049525,0.25504762,0.3649143,0.37864763,0.47478098,0.53167623,0.25504762,Blue
0.107664466,0.99096805,0.076578245,0.0,0.0,0.0,0.006823804,0.0007582005,0.0,0.0,0.0,0.0007582005,0.021229614,0.0,0.0,0.0053074034,0.09617169,0.12927999,0.54549843,0.52342623,0.41621846,0.25067702,0.19864972,0.35630822,0.21050626,0.103105105,0.16897781,0.2606268,0.20334618,0.2233944,0.2978592,0.8176808,Gold
0.252491,0.96736264,0.011429634,0.0,0.0,0.0,0.009351519,0.0,0.0,0.0,0.0010390576,0.003117173,0.014546807,0.0041562305,0.0,0.0,0.12729646,0.12305325,0.3033899,0.3033899,0.4137135,0.45614567,0.28217384,0.5707125,0.09047651,0.019191988,0.05894682,0.19329074,0.124747925,0.071284525,0.15764847,0.9513743,Orange
0.2777623,0.96014947,0.018695539,0.0,0.0,0.004006187,0.009347769,0.0,0.0,0.0,0.0026707912,0.0,0.004006187,0.02136633,0.0053415825,0.0,0.065245666,0.0,0.06103627,0.14943363,0.34306592,0.46934786,0.195737,0.7703198,0.063321374,0.024995279,0.039992444,0.19662952,0.14330627,0.06832043,0.13497451,0.9548197,Orange
0.05803647,0.99753773,0.037924822,0.0,0.0,0.0,0.003447711,0.0005746185,0.0,0.0,0.0,0.009193896,0.003447711,0.0017238555,0.0,0.0005746185,0.20113483,0.403559,0.581486,0.49381182,0.35972193,0.23852529,0.15729776,0.060598318,0.060295153,0.06241077,0.16713393,0.22637127,0.17876984,0.17242298,0.31205386,0.8684617,Gold
0.117134124,0.8426834,0.5208488,0.06823347,0.0,0.0034116735,0.007960571,0.0,0.0,0.0,0.0,0.011372245,0.004548898,0.0,0.0,0.0,0.8807756,0.43222082,0.124389134,0.10051647,0.07538735,0.038950134,0.026385574,0.0628228,0.10799095,0.016324215,0.076598234,0.19589056,0.13812797,0.09292245,0.1707764,0.9417816,White
0.21210486,0.14702722,0.0048205648,0.0,0.0,0.0,0.0,0.0012051412,0.0,0.0,0.0,0.94362557,0.1723352,0.09159073,0.042179942,0.055436496,0.32643253,0.39687324,0.5394727,0.48793072,0.42264423,0.16493434,0.015462593,0.027489055,0.061273564,0.026496677,0.15401193,0.25006238,0.2467503,0.37260953,0.65744877,0.52662146,Violet
0.15864366,0.98702085,0.020580798,0.0,0.0,0.0,0.0008575333,0.0,0.0,0.0,0.0,0.0017150666,0.009432866,0.010290399,0.0,0.0,0.11544709,0.08396152,0.1976594,0.22214818,0.46878514,0.423306,0.26237974,0.65070176,0.038998343,0.0041050888,0.05644497,0.13546793,0.04105089,0.0626026,0.10365349,0.98008996,Orange
0.9510687,0.30671966,0.015058588,0.0,0.003170229,0.0023776717,0.0023776717,0.0023776717,0.0,0.0,0.0,0.0055479007,0.0,0.0071330154,0.0,0.032494847,0.18120147,0.17478725,0.35759228,0.29505372,0.4650303,0.30788213,0.44258058,0.46342677,0.088864364,0.030679364,0.08992227,0.14704937,0.08569064,0.12377536,0.279288,0.9277863,Red
0.07054165,0.98972076,0.12291349,0.0,0.0,0.0,0.0032064389,0.0010688129,0.0,0.0,0.0,0.013894568,0.012825755,0.0,0.0,0.0,0.16125374,0.4156258,0.53599834,0.5428119,0.25664327,0.18169434,0.2089485,0.27708387,0.08371878,0.047091812,0.118601605,0.25464463,0.19708796,0.17615826,0.2110411,0.8930003,Gold
0.18480818,0.91192234,0.15299694,0.06968178,0.05150392,0.016663034,0.046959456,0.08634481,0.22267872,0.19541194,0.043929815,0.043929815,0.021207497,0.0015148212,0.030296424,0.019692676,0.887345,0.42997524,0.13339952,0.047642685,0.028585613,0.028585613,0.020248141,0.07503723,0.21201608,0.053933915,0.2789685,0.40729403,0.47238672,0.5300402,0.23991293,0.38311678,Gray
0.45175287,0.89070016,0.049799528,0.0,0.0,0.0,0.0,0.00071142183,0.0,0.0,0.0,0.009248484,0.0014228437,0.0,0.0,0.0021342654,0.15048808,0.28039658,0.38715306,0.29583126,0.29711747,0.28039658,0.16720897,0.68298435,0.13729572,0.06423928,0.17382394,0.43330026,0.3451287,0.44085783,0.29600453,0.598307,Brown
0.12985894,0.989194,0.06623678,0.0,0.0,0.0,0.00087153655,0.0,0.0,0.0,0.0,0.0034861462,0.014816121,0.0,0.0,0.0034861462,0.12830372,0.21887104,0.42642117,0.50189394,0.428308,0.23207878,0.20943695,0.46981803,0.0898721,0.0072310884,0.01962724,0.0981362,0.052683644,0.06817883,0.11569741,0.980329,Orange
0.079209864,0.9870292,0.1392361,0.0,0.0,0.0,0.0024753083,0.0,0.0,0.0,0.0,0.008663579,0.0055694436,0.0,0.0,0.00061882706,0.17888533,0.3101537,0.5585341,0.53922987,0.37707484,0.29084954,0.12483365,0.163442,0.10143121,0.016905202,0.04883725,0.15308599,0.15684271,0.2122542,0.25639555,0.9100634,Gold
0.14264277,0.98868793,0.044528693,0.0,0.0,0.0007547236,0.0030188945,0.0,0.0007547236,0.0,0.0,0.005283065,0.011320855,0.0,0.0,0.0,0.10815078,0.11866544,0.19677435,0.24634345,0.4160801,0.4431178,0.16072407,0.6924654,0.037100215,0.0017666769,0.020316785,0.077733785,0.07508377,0.09098386,0.11571734,0.9822723,Orange
0.08642683,0.032737434,0.4085632,0.31558886,0.6495107,0.5499889,0.0026189948,0.0,0.0,0.0,0.0,0.022261456,0.009166482,0.0,0.0,0.0,0.09353707,0.020461233,0.21922751,0.27476513,0.5334536,0.32007217,0.18999717,0.66645163,0.07411178,0.072658606,0.17438066,0.27029002,0.2819154,0.35457402,0.7629154,0.31388518,Green
0.76177263,0.647137,0.019414108,0.0,0.0,0.0,0.007395851,0.00092448137,0.0,0.0,0.0,0.011093777,0.0055468883,0.0,0.004622407,0.017565146,0.09451102,0.11257929,0.17790309,0.2765837,0.41279075,0.2543458,0.098680615,0.7908348,0.3118733,0.2030425,0.17705306,0.50192106,0.57014334,0.35248178,0.14943929,0.32649237,Brown
0.06924341,0.95361537,0.292766,0.0048591867,0.0,0.0,0.00364439,0.0,0.00060739834,0.0,0.0,0.0060739834,0.0060739834,0.0,0.0,0.0,0.28132057,0.48191437,0.45867485,0.40974954,0.37305555,0.18958561,0.17368488,0.32413024,0.06409474,0.09874054,0.10393741,0.15417382,0.18362275,0.16629985,0.21740241,0.91811377,Gold
0.93727756,0.22631302,0.0049817334,0.0,0.0,0.0,0.0056934096,0.0021350286,0.0,0.0,0.0,0.003558381,0.011386819,0.0,0.0,0.26474354,0.07604852,0.036417603,0.1435282,0.17887469,0.2849142,0.5623306,0.2002968,0.7090721,0.10156304,0.020642893,0.03633149,0.110645905,0.12798594,0.13541737,0.20973179,0.94709593,Red
0.24185364,0.96940786,0.03920155,0.0019932992,0.0,0.0,0.0019932992,0.00066443306,0.00066443306,0.0,0.0,0.008637629,0.0046510315,0.00066443306,0.0,0.010630929,0.10587145,0.098398164,0.2628103,0.3088955,0.31761432,0.36619064,0.20800625,0.7323813,0.09031876,0.023201149,0.10357656,0.089490145,0.043087848,0.082861245,0.20383868,0.96036184,Orange
0.730638,0.6825339,0.010891499,0.0,0.0,0.0,0.0027228747,0.0,0.0,0.0,0.0,0.009983874,0.009076249,0.0,0.0,0.0027228747,0.09667098,0.18888022,0.33314306,0.25878078,0.33611754,0.3048854,0.1070817,0.7480846,0.14549911,0.19399881,0.25501457,0.49594858,0.58668995,0.20025684,0.14549911,0.4740455,Brown
0.1250682,0.9814269,0.14498352,0.0,0.0,0.0,0.003186451,0.00079661276,0.0,0.0,0.0,0.0087627405,0.007169515,0.0,0.0,0.0,0.15221052,0.38303527,0.5168467,0.47837594,0.28434932,0.26929554,0.22413418,0.3612909,0.19068633,0.12436065,0.10363388,0.28188413,0.18930455,0.23352167,0.23904881,0.8428889,Gold
0.4715899,0.15273082,0.006252139,0.0,0.0,0.0,0.012504278,0.0,0.0,0.0,0.0,0.0017863254,0.019649578,0.0,0.0,0.8681541,0.10073483,0.012251534,0.1538248,0.2504758,0.68744713,0.3307914,0.42199725,0.37843627,0.096091524,0.023021927,0.045042902,0.14013347,0.14113443,0.13012394,0.19718781,0.9449,Red
0.41948962,0.26967192,0.008427247,0.0,0.0,0.0,0.012172691,0.0,0.0,0.0,0.0,0.0009363608,0.029963546,0.0,0.0,0.86613375,0.09660152,0.03500055,0.21840344,0.43400684,0.6650105,0.38360605,0.31360495,0.25620404,0.06242172,0.023779701,0.054495152,0.1515956,0.11889851,0.14565067,0.19717337,0.946234,Red
0.15355192,0.8835141,0.14764607,0.05079025,0.04960908,0.021261035,0.10984868,0.079138294,0.23623373,0.28111812,0.119298026,0.03189155,0.007087012,0.0,0.00826818,0.0011811686,0.9249295,0.31960005,0.18759133,0.05992501,0.045160875,0.027791308,0.014764133,0.023448916,0.0572853,0.056012295,0.22532219,0.32843572,0.43536827,0.69633466,0.34116578,0.2100461,Gray
0.075782605,0.99165106,0.1023389,0.0,0.0,0.0,0.005829431,0.0006477146,0.0,0.0,0.0,0.0,0.019431438,0.0,0.0,0.0,0.08403304,0.26725262,0.5124638,0.55241394,0.43945146,0.26311985,0.18597476,0.23832321,0.099660344,0.09386614,0.112407595,0.24683318,0.20975025,0.2167033,0.31172827,0.8482717,Gold
0.9676173,0.23694137,0.0057634385,0.0,0.0,0.0,0.0012807641,0.00064038206,0.0,0.0,0.0,0.0057634385,0.0057634385,0.0,0.0,0.086451575,0.119072415,0.14701799,0.18832882,0.2174894,0.38637784,0.46656945,0.31833646,0.642748,0.04895079,0.02763351,0.04263456,0.1176398,0.08526912,0.10737593,0.23291102,0.9529614,Red
0.28128105,0.9428858,0.03961705,0.0,0.0,0.0,0.010894689,0.0049521313,0.020798951,0.0940905,0.08814794,0.08715751,0.03961705,0.00792341,0.025751084,0.056454297,0.85212356,0.47726876,0.17997009,0.10639116,0.035795156,0.014914649,0.012926029,0.026846368,0.08723138,0.06578104,0.20735328,0.32604516,0.31460497,0.4862077,0.6177698,0.34892553,Gray
0.070601694,0.22906329,0.022749435,0.005491243,0.0070601697,0.00941356,0.00470678,0.013335876,0.04314548,0.9664588,0.074524015,0.014120339,0.0007844633,0.0,0.0007844633,0.0007844633,0.3480109,0.25699267,0.20612954,0.14991239,0.16463593,0.3895045,0.28108573,0.7000373,0.105235845,0.06846669,0.18638155,0.24090134,0.2764026,0.4475693,0.7125608,0.32711864,Blue
0.08015032,0.9765889,0.19920857,0.001556317,0.0007781585,0.001556317,0.0038907924,0.001556317,0.0007781585,0.0023344755,0.0,0.0077815847,0.0070034266,0.0023344755,0.0,0.004668951,0.14863704,0.38517773,0.47947434,0.52102876,0.36919525,0.22854944,0.20617397,0.31165832,0.15242931,0.0775287,0.17082594,0.25755295,0.17608213,0.21287541,0.2838339,0.8475595,Gold
0.90029407,0.43288478,0.008852449,0.0,0.0,0.0,0.0008852449,0.0008852449,0.0,0.0,0.0,0.013278674,0.0044262246,0.0,0.0,0.042491756,0.09335517,0.09024333,0.38120028,0.2645063,0.31429574,0.45588443,0.22872017,0.6394829,0.04037398,0.0,0.031289835,0.11708454,0.10598169,0.12616868,0.22912233,0.9508072,Red
0.1514021,0.98809797,0.025131524,0.000612964,0.0,0.0,0.001838892,0.001225928,0.0,0.0,0.0,0.008581496,0.003677784,0.002451856,0.000612964,0.0030648198,0.14581653,0.15642138,0.3035635,0.2982611,0.36189014,0.4652873,0.22137602,0.61375505,0.059287082,0.018298483,0.027813692,0.08856465,0.056359325,0.067338414,0.116378345,0.98299444,Orange
0.09582051,0.7905192,0.48138398,0.36274907,0.047910254,0.0045628813,0.003422161,0.0011407203,0.0,0.0,0.0,0.013688644,0.007985042,0.0,0.0,0.0,0.94927317,0.27272466,0.120573,0.0870805,0.040191002,0.017224714,0.015310857,0.015310857,0.03911542,0.0,0.030928472,0.10279169,0.06640525,0.069134235,0.158281,0.9760662,White
0.06991421,0.98048353,0.18278775,0.0025270195,0.0,0.0,0.0,0.0016846796,0.0,0.0,0.0,0.018531475,0.0,0.0,0.0,0.0,0.24699827,0.33681583,0.7201443,0.4234256,0.2758682,0.1587846,0.110668056,0.11868748,0.059243955,0.050604213,0.08022619,0.1888401,0.12712766,0.16168663,0.25302106,0.91951555,Gold
0.7869264,0.4982814,0.014748286,0.0,0.0,0.0,0.0,0.002106898,0.0,0.0,0.0,0.011587939,0.004213796,0.0,0.0,0.36343992,0.14771095,0.33836114,0.44313285,0.4122166,0.35381925,0.4019112,0.28168136,0.3624071,0.04242051,0.009544615,0.05090461,0.14529024,0.09120409,0.12726153,0.2980041,0.92794865,Red
0.94310933,0.30067772,0.005750667,0.0,0.0,0.0,0.00082152383,0.0016430477,0.0,0.0,0.0,0.008215238,0.008215238,0.0,0.0,0.1413021,0.104224,0.13462266,0.24608444,0.23450398,0.26490265,0.5703369,0.34596577,0.58336484,0.079767816,0.025924541,0.041878104,0.12264302,0.10270106,0.13161689,0.27121058,0.93527764,Red
0.20645988,0.36029273,0.002698822,0.0,0.0,0.0,0.004048233,0.006747055,0.002698822,0.0,0.001349411,0.87846655,0.20376106,0.0742176,0.07826584,0.051277615,0.3186093,0.53101546,0.5112149,0.46081343,0.2880084,0.21060614,0.09900288,0.0756022,0.1027067,0.043776628,0.14143218,0.26602718,0.25255746,0.32495728,0.55225897,0.64991456,Violet
0.077152655,0.9942503,0.07278553,0.0,0.0,0.0,0.0014557105,0.0,0.0,0.0,0.0,0.014557105,0.0,0.0,0.0,0.0014557105,0.089756824,0.37697864,0.6552248,0.508622,0.28273398,0.121171705,0.1271555,0.225888,0.11881118,0.042870015,0.13718404,0.18617834,0.14085862,0.18372864,0.24007207,0.9051697,Gold
0.021433203,0.73757434,0.6746356,0.0037423053,0.00068041915,0.0044227242,0.0034020958,0.005103144,0.005443353,0.00068041915,0.009525868,0.004762934,0.005103144,0.010546497,0.002381467,0.0057835625,0.008737669,0.0029125563,0.019139657,0.1135897,0.3728072,0.8109389,0.43022618,0.07031743,0.036887668,0.027460817,0.021722738,0.03729753,0.3770739,0.5885632,0.71234185,0.0,Yellow
0.7155963,0.6978403,0.023392867,0.0016910507,0.0016910507,0.0076097283,0.0042276266,0.005073152,0.007046045,0.0011273671,0.010991829,0.007046045,0.0016910507,0.0047913105,0.0036639431,0.005073152,0.021180037,0.052542783,0.103049025,0.3828699,0.39997685,0.6964974,0.43459806,0.07494474,0.03288179,0.022688434,0.570499,0.7881764,0.20518234,0.09502836,0.019071437,0.014796805,Brown
0.042973906,0.9931001,0.10765859,0.011191121,0.0024620467,0.0071623176,0.0017905794,0.0055955607,0.0044764485,0.00044764485,0.0044764485,0.0035811588,0.0024620467,0.0055955607,0.001566757,0.0022382243,0.049748447,0.5407273,0.73168486,0.34709108,0.18980946,0.09069525,0.034058552,0.062376898,0.39205205,0.89202857,0.16896626,0.10163147,0.10603655,0.0213961,0.00031464853,0.0,Black
0.0112035815,0.99954116,0.025435159,0.0007569988,0.000605599,0.0051475917,0.002422396,0.0031793949,0.0045419927,0.00015139976,0.0049961917,0.0033307946,0.0007569988,0.0052989917,0.0022709963,0.0033307946,0.0336745,0.04584913,0.13677028,0.7276283,0.64525527,0.17044479,0.025644427,0.05051175,0.02694887,0.023261128,0.18779106,0.31884766,0.8368333,0.35771078,0.13247496,0.12651785,Gold
0.6077296,0.24968736,0.004711082,0.0,0.0,0.0,0.0011777706,0.0,0.0,0.0,0.0,0.009422164,0.0058888528,0.0,0.0,0.75377315,0.12980294,0.17118938,0.24831866,0.30287352,0.5605982,0.31604195,0.45336968,0.42515165,0.09868665,0.02343808,0.044408992,0.15666506,0.09992023,0.118423976,0.22574571,0.9424575,Red
0.5145444,0.8569256,0.027234867,0.0,0.0,0.0,0.0009726738,0.0019453476,0.0,0.0,0.0,0.010699412,0.0077813906,0.0,0.0,0.0009726738,0.10647985,0.16901565,0.42253911,0.48000443,0.3211297,0.21803017,0.13352236,0.61859727,0.17613143,0.15851828,0.22544822,0.47203222,0.44385117,0.35578546,0.18141536,0.56009793,Brown
0.32641867,0.9164832,0.18293793,0.04304422,0.017935092,0.0035870185,0.028696148,0.02331562,0.053805277,0.060979314,0.04304422,0.039457202,0.04663124,0.019728601,0.039457202,0.04842475,0.93576586,0.31772515,0.13347358,0.029015996,0.026114395,0.020311197,0.010155599,0.05948279,0.20736085,0.03873774,0.3190167,0.37370527,0.3623118,0.69272196,0.30078718,0.111655846,Gray
0.08886049,0.9765678,0.19477502,0.002692742,0.0008975807,0.0017951614,0.0008975807,0.0,0.0008975807,0.0,0.0008975807,0.021541936,0.0017951614,0.0,0.0,0.0008975807,0.16928452,0.42673808,0.5660451,0.5307775,0.2521634,0.20984228,0.13930705,0.24510989,0.10903389,0.0910916,0.125596,0.17528233,0.16976163,0.15319951,0.2622334,0.90125483,Gold
0.8986183,0.3925543,0.005911962,0.0,0.0,0.0,0.0011823925,0.0011823925,0.0,0.0,0.0,0.0035471774,0.016553495,0.0,0.0,0.19509476,0.11587736,0.14027259,0.28867692,0.30290747,0.5346622,0.47977293,0.38625786,0.35576382,0.060206987,0.018814683,0.03386643,0.12793985,0.09658204,0.120413974,0.19065545,0.9582946,Red
0.093236454,0.060329467,0.36334795,0.20155527,0.21937989,0.47578013,0.73492265,0.0,0.0,0.0,0.0,0.01919574,0.0068556215,0.0,0.0,0.0,0.1123443,0.22627093,0.302222,0.35760298,0.34969142,0.34336218,0.14240827,0.67564815,0.118554495,0.13727362,0.25738806,0.37594256,0.53037536,0.60837173,0.15755269,0.28858662,Green
0.3157577,0.9438032,0.09628874,0.0,0.0,0.0,0.00086746615,0.00086746615,0.0,0.0,0.0017349323,0.013011992,0.0034698646,0.0,0.0,0.008674662,0.16435286,0.24261613,0.32400993,0.38192475,0.33966258,0.18313605,0.16435286,0.6981084,0.20724878,0.19921587,0.29721722,0.5124989,0.48518705,0.18315008,0.1574448,0.52213836,Brown
0.061619285,0.93716496,0.34304467,0.009196908,0.0,0.0,0.0018393816,0.0,0.0,0.0,0.0009196908,0.0101165995,0.0073575266,0.0,0.0,0.0,0.19099858,0.44960728,0.567925,0.51890767,0.28058198,0.19944984,0.12338846,0.18930833,0.04102552,0.04226872,0.089510225,0.18523644,0.15167011,0.18275005,0.24615312,0.9149934,Gold
0.564389,0.8237976,0.051706444,0.0017527608,0.0,0.0,0.0008763804,0.0035055217,0.0,0.0,0.0,0.009640184,0.0035055217,0.0,0.0,0.0052582826,0.17360544,0.21545675,0.3766618,0.33946064,0.2898591,0.33946064,0.20305637,0.6525705,0.16058889,0.072573826,0.24860395,0.42308998,0.38448688,0.3675015,0.36441326,0.5589729,Brown
0.87775505,0.45096782,0.041106984,0.0,0.0,0.0,0.002418058,0.002418058,0.001209029,0.0,0.0,0.007254174,0.009672232,0.0,0.0,0.15596475,0.15609002,0.29530543,0.39233437,0.32905462,0.42608356,0.26788422,0.30796137,0.5273311,0.067486584,0.02294544,0.04049195,0.14712076,0.112027735,0.15386942,0.25105008,0.9340143,Red
0.8731414,0.47412518,0.018777234,0.0,0.0,0.0,0.0023471543,0.0011735772,0.0,0.0,0.0,0.00821504,0.015256503,0.0,0.0,0.110316254,0.12941529,0.29580638,0.2814269,0.30607745,0.5217696,0.32867375,0.23007163,0.5382033,0.077744804,0.026911663,0.047842957,0.17791599,0.18838164,0.17044054,0.34536636,0.88060945,Red
0.0614885,0.9701519,0.23342857,0.0,0.0,0.0,0.0034160279,0.002277352,0.0,0.0,0.0,0.02277352,0.0,0.0,0.0,0.0,0.20318179,0.3740392,0.44099683,0.59800094,0.34633258,0.2447417,0.22396174,0.19163737,0.05202556,0.053883616,0.13749613,0.27127615,0.23225696,0.22110863,0.30100504,0.84169924,Gold
0.89000255,0.45512414,0.023485053,0.0,0.0,0.0,0.00080982945,0.0,0.0,0.0,0.0,0.010527783,0.009717953,0.0,0.0,0.0,0.09729443,0.04131681,0.27055848,0.41050252,0.2918833,0.28921768,0.13861124,0.747701,0.13962737,0.11260271,0.2717479,0.41738072,0.42188483,0.57802725,0.26273966,0.37233964,Brown
0.87731355,0.45722896,0.008843887,0.0,0.0,0.0017687774,0.0017687774,0.0017687774,0.0,0.0,0.0,0.0035375548,0.01945655,0.0017687774,0.0,0.14415535,0.10373519,0.059071433,0.37748086,0.30112022,0.64690423,0.24204879,0.36019164,0.38180315,0.038190678,0.0046573994,0.054025836,0.11829795,0.10059983,0.13320163,0.19188486,0.9575614,Red
0.123872735,0.8521847,0.2671472,0.089546554,0.026863966,0.016416868,0.061190143,0.08805411,0.35520133,0.17461579,0.06715991,0.07163724,0.008954655,0.0059697703,0.0059697703,0.010447098,0.91150796,0.3891598,0.11341823,0.055148315,0.028094424,0.022891752,0.0145674795,0.016648548,0.057659473,0.028050555,0.17921187,0.3303732,0.47841778,0.6732133,0.23219626,0.34439847,Gray
0.063474454,0.99020153,0.12396188,0.0,0.0,0.0,0.0014935166,0.0,0.0,0.0,0.0,0.009707858,0.0029870332,0.0,0.0,0.0,0.13566926,0.41148043,0.62616587,0.53820443,0.26984766,0.17890453,0.13865101,0.08050704,0.060484912,0.022100257,0.066300765,0.23263428,0.122132994,0.18378107,0.2640399,0.90494734,Gold
0.86413515,0.5025073,0.013311453,0.0,0.0,0.0,0.0033278633,0.0011092877,0.0,0.0,0.0,0.012202165,0.004437151,0.0,0.0,0.01996718,0.11274395,0.15669498,0.31338996,0.25797346,0.34969735,0.40320295,0.15478407,0.6993947,0.20808576,0.09334689,0.17891486,0.355885,0.41811627,0.56786025,0.14974396,0.51924205,Brown
0.10065572,0.26583433,0.11485075,0.021937784,0.0116141215,0.009033205,0.010323663,0.012904579,0.051618315,0.9459056,0.085170224,0.01935687,0.0,0.0,0.0012904579,0.0025809158,0.45273912,0.33955434,0.22225375,0.18521145,0.21402213,0.3333806,0.29633832,0.59267664,0.18624552,0.094103,0.16664073,0.30387428,0.31563714,0.5136455,0.60578805,0.32543954,Blue
0.10223434,0.4916985,0.5241538,0.23043296,0.19797762,0.2774932,0.5501181,0.016227674,0.0,0.0,0.0,0.029209811,0.0,0.0,0.0,0.0,0.19223776,0.60563403,0.4899511,0.4082926,0.29090846,0.22966458,0.13779876,0.18203044,0.20825155,0.17295468,0.2717859,0.39003044,0.43415153,0.25766715,0.3000234,0.59651715,Green
0.116943225,0.9808911,0.15512876,0.0,0.0,0.0,0.0031821285,0.00079553213,0.0,0.0,0.0,0.009546386,0.0,0.0,0.0,0.0031821285,0.20353337,0.52791464,0.55017614,0.39116567,0.36731413,0.23215525,0.13992919,0.12561825,0.09436582,0.10858533,0.11634143,0.23914626,0.1770975,0.17192677,0.27792674,0.8777314,Gold
0.1644671,0.9861601,0.018631037,0.0,0.0,0.0,0.0038546976,0.0006424496,0.0,0.0,0.0,0.0051395968,0.0070669455,0.0,0.0,0.0,0.08012375,0.05468764,0.20221709,0.20221709,0.33321306,0.46675265,0.31540778,0.69313407,0.021870436,0.0015083059,0.016591365,0.08521929,0.08823589,0.079940215,0.11689371,0.9819071,Orange
0.8422531,0.5380486,0.0041388357,0.0,0.0,0.0,0.0031041268,0.0,0.0,0.0,0.0,0.0,0.013451216,0.0020694179,0.0010347089,0.03000656,0.09359155,0.016604953,0.22643116,0.17057814,0.30039868,0.25964105,0.17510676,0.84987164,0.44137233,0.27045795,0.27233613,0.4845705,0.5052305,0.22350344,0.06949267,0.33619425,Brown
0.06982539,0.98014164,0.18490799,0.0,0.0,0.0,0.007758377,0.0,0.0,0.0,0.0,0.011637566,0.007758377,0.0,0.0,0.0,0.6854579,0.6427439,0.27255595,0.14034598,0.13627797,0.05288399,0.018305996,0.036611993,0.04645681,0.00688249,0.051618677,0.19615097,0.17034163,0.07742801,0.18926848,0.9411805,White
0.08707909,0.9913022,0.09796398,0.0,0.0,0.0007774919,0.0054424433,0.0,0.0007774919,0.0,0.0007774919,0.010107394,0.0023324757,0.0007774919,0.0,0.0007774919,0.115881644,0.5375621,0.5504378,0.40075737,0.3943195,0.18669821,0.13519526,0.15933727,0.13696212,0.09802191,0.14367595,0.275267,0.17858785,0.16381744,0.18932998,0.8835399,Gold
0.73688036,0.31005883,0.004905994,0.0,0.0,0.0029435966,0.004905994,0.0009811989,0.0,0.0,0.0,0.0009811989,0.013736784,0.0039247954,0.0039247954,0.6004937,0.095047094,0.03030487,0.21488908,0.19422667,0.5317127,0.3967183,0.2768763,0.62400484,0.13561553,0.056416057,0.1345306,0.17901249,0.11500197,0.112832114,0.19962606,0.92869514,Red
0.5788575,0.814489,0.023670752,0.0010759432,0.0,0.004303773,0.0032278297,0.0010759432,0.0,0.0,0.013987262,0.007531603,0.012911319,0.0010759432,0.007531603,0.021518864,0.24579589,0.15425812,0.48989666,0.376322,0.1729047,0.10340379,0.113574654,0.69331396,0.7779179,0.23305392,0.38574442,0.29091558,0.11411606,0.05464713,0.08036342,0.29091558,Black
0.1011959,0.9827679,0.15373993,0.0,0.0,0.0012973833,0.00389215,0.0012973833,0.0,0.0,0.0012973833,0.0,0.016217291,0.00064869167,0.0025947667,0.00064869167,0.21425933,0.30191085,0.5036485,0.44938806,0.3965189,0.30747604,0.20312896,0.33808452,0.18858422,0.114458635,0.123179294,0.20711562,0.18640406,0.19948505,0.23327759,0.87424594,Gold
0.095926724,0.99151844,0.06615636,0.055405952,0.0,0.0,0.0057886816,0.0,0.0,0.0,0.0008269545,0.003307818,0.014058227,0.0,0.0,0.0,0.5435576,0.5884532,0.41047415,0.30144197,0.25814977,0.15072098,0.06413659,0.073757075,0.16550903,0.1588218,0.14544733,0.32600263,0.34104893,0.45138827,0.2390686,0.66537976,Gray
0.5411256,0.8377953,0.04034708,0.0011866789,0.0,0.0,0.0023733578,0.0023733578,0.0,0.0,0.0,0.01068011,0.0071200733,0.0023733578,0.018986862,0.055773906,0.21643485,0.5401777,0.37284994,0.18915313,0.09457657,0.101851694,0.1473212,0.66749233,0.8079364,0.25300723,0.38288426,0.22433308,0.084335744,0.06746859,0.07927559,0.26144078,Black
0.109417,0.91880304,0.25330785,0.20084764,0.077940874,0.06594997,0.07494315,0.14239198,0.052460205,0.002997726,0.0,0.01498863,0.0,0.0,0.001498863,0.004496589,0.89638126,0.39183918,0.16381237,0.10746091,0.053730454,0.031451974,0.009173492,0.024899479,0.17406374,0.18215974,0.24287964,0.4108714,0.43718335,0.60719913,0.22466367,0.31371954,Gray
0.10312589,0.19321288,0.19795431,0.030819234,0.029633878,0.020151038,0.026077813,0.027263168,0.16950579,0.93405986,0.077048086,0.03674601,0.014224261,0.0023707103,0.020151038,0.009482841,0.46134207,0.34600654,0.15799385,0.16905342,0.18485281,0.2591099,0.2875488,0.6556745,0.2562832,0.187606,0.22613224,0.29480943,0.31491008,0.41708836,0.562818,0.41373825,Blue
0.054869786,0.9746246,0.21673566,0.0,0.0,0.00068587234,0.002057617,0.0013717447,0.00068587234,0.0,0.0,0.008230468,0.0068587232,0.0,0.0,0.0,0.1749738,0.47981098,0.5426922,0.44973734,0.36908537,0.28433242,0.1271294,0.0956888,0.08620405,0.1091918,0.08735344,0.19884402,0.23907256,0.27700233,0.2724048,0.851696,Gold
0.09848573,0.22235438,0.052796476,0.010153168,0.0010153168,0.0010153168,0.0030459506,0.005076584,0.012183802,0.93815273,0.2355535,0.036551405,0.021321652,0.012183802,0.011168485,0.010153168,0.3442726,0.2998997,0.16831106,0.18208195,0.15147994,0.3779348,0.31061038,0.6839549,0.19747536,0.15190412,0.23089427,0.28557974,0.24608469,0.38887456,0.7139494,0.28557974,Blue
0.5349381,0.8120138,0.08797659,0.14258274,0.043482684,0.0040449006,0.009101027,0.0,0.0,0.0,0.0010112252,0.014157152,0.018202053,0.025280628,0.02325818,0.15067255,0.5352477,0.60722476,0.28659964,0.23163532,0.1662016,0.09029851,0.09291586,0.40568897,0.7235751,0.4175425,0.33576858,0.25523368,0.12885584,0.06814492,0.03964795,0.31842262,Black
0.08226555,0.03067529,0.44200304,0.3555545,0.6720677,0.467101,0.004182994,0.0,0.0,0.0,0.0,0.025097964,0.0,0.0,0.0,0.0,0.117435455,0.117435455,0.25699642,0.34379655,0.5037811,0.3880476,0.23827484,0.5718596,0.11723291,0.15631054,0.16770819,0.28656933,0.2898258,0.33378816,0.73433393,0.34192932,Green
0.111572586,0.98441935,0.1351015,0.0,0.0,0.0,0.004553983,0.0,0.0,0.0,0.0,0.012143955,0.0,0.00075899716,0.0015179943,0.0068309745,0.24099249,0.3419488,0.50478154,0.48686996,0.3484621,0.2947273,0.16771775,0.31101057,0.1611361,0.11950928,0.18262093,0.23230456,0.22424775,0.22827615,0.22827615,0.8473074,Gold
0.18949679,0.97041667,0.097765855,0.016897803,0.0060349293,0.0,0.013276845,0.0072419154,0.0072419154,0.0060349293,0.008448902,0.027760675,0.031381633,0.035002593,0.04465848,0.08448901,0.859234,0.3982835,0.29383853,0.11140797,0.05152619,0.018103795,0.022281595,0.029244592,0.063459545,0.06730558,0.26153025,0.4172946,0.42883268,0.582674,0.22306992,0.4192176,Gray
0.8972452,0.4411098,0.0053662993,0.0,0.0,0.0,0.007512819,0.0032197796,0.0,0.0,0.0,0.0042930394,0.016098898,0.0,0.0,0.0,0.1034062,0.033874445,0.24425258,0.35479024,0.40114474,0.30487,0.1087548,0.73275775,0.10225311,0.07668983,0.2634984,0.49160147,0.41294524,0.5348624,0.23793511,0.39918038,Brown
0.08227537,0.36374372,0.12016534,0.037889972,0.018403701,0.0032477118,0.0021651413,0.0054128533,0.055211104,0.9136896,0.073614806,0.03572483,0.0064954236,0.0,0.0043302826,0.0054128533,0.44478866,0.33065423,0.31386974,0.26183787,0.17455858,0.29372838,0.288693,0.5706723,0.16558696,0.05924671,0.1503955,0.26888892,0.27496552,0.39953554,0.66994363,0.43599504,Blue
0.049779586,0.9932583,0.10422601,0.0,0.0,0.0,0.0031112242,0.0,0.0,0.0,0.0,0.009333672,0.0,0.0,0.0,0.0,0.12400043,0.2770874,0.6873604,0.56336,0.26484042,0.16533391,0.11481521,0.08572869,0.053454112,0.045631558,0.10169319,0.1994751,0.1707924,0.19165255,0.28943446,0.891771,Gold
0.010156385,0.075326525,0.15319213,0.26745147,0.94792926,0.0067709233,0.004231827,0.004231827,0.0067709233,0.0025390962,0.0050781923,0.0033854616,0.0008463654,0.0067709233,0.01100275,0.017773673,0.1059038,0.16735415,0.25233868,0.34386048,0.26410577,0.60927373,0.5805097,0.030071449,0.033699587,0.008169597,0.0010211996,0.046975184,0.41358584,0.8271717,0.33291107,0.17462514,Green
0.03155137,0.2556749,0.07289454,0.0097918045,0.0054398915,0.0032639347,0.0054398915,0.008703826,0.2839623,0.9204296,0.010879783,0.004351913,0.004351913,0.0076158475,0.0054398915,0.0032639347,0.36328173,0.40644392,0.24998099,0.25357783,0.2517794,0.35788646,0.5683021,0.24818256,0.0,0.009787606,0.10067253,0.30061933,0.57467234,0.6753448,0.3118052,0.12584065,Blue
0.2808852,0.958639,0.032349136,0.003945017,0.00078900333,0.005523023,0.00078900333,0.0,0.007890034,0.0,0.0015780067,0.0023670099,0.010257043,0.02130309,0.007890034,0.018147077,0.047476497,0.052902382,0.116656534,0.29571074,0.32826605,0.32284018,0.518172,0.6429674,0.050986774,0.0065789386,0.013980244,0.0016447346,0.0057565714,0.062499918,0.32647982,0.9416106,Orange
0.03060558,0.9974637,0.06051558,0.016693953,0.007651395,0.0034779068,0.0041734884,0.0048690694,0.0048690694,0.0027823255,0.0041734884,0.0,0.0,0.0020867442,0.0,0.0048690694,0.23134312,0.17415717,0.26773417,0.5445661,0.72262233,0.15726133,0.02989265,0.010397444,0.00981445,0.0029443349,0.0,0.0,0.050053693,0.16782708,0.615366,0.7684714,Gold
0.4301523,0.29589006,0.011117256,0.0,0.0,0.0042758677,0.0034206943,0.0,0.00085517357,0.0,0.0,0.00085517357,0.017958645,0.0,0.0,0.852608,0.12478317,0.058409143,0.22168925,0.3969167,0.5973662,0.3132854,0.375677,0.4221388,0.05899133,0.05803986,0.14176948,0.17602251,0.113225296,0.09229289,0.22645059,0.9324436,Red
0.875618,0.4824293,0.0053014206,0.0,0.0,0.0008835701,0.0053014206,0.0008835701,0.0,0.0,0.0,0.0,0.018554972,0.0,0.0,0.012369982,0.097665966,0.018137965,0.17719397,0.18696056,0.3376452,0.37531635,0.23718877,0.78272295,0.37553903,0.23576441,0.24586861,0.4597406,0.36038277,0.54225814,0.17177121,0.27954924,Brown
0.6520342,0.75781214,0.011840815,0.0015787754,0.0,0.002368163,0.0063151014,0.0,0.0,0.0,0.0,0.004736326,0.018945305,0.0,0.0,0.0015787754,0.13085142,0.06542571,0.3530262,0.3380328,0.35438925,0.34757406,0.28487444,0.6419897,0.19841367,0.15786196,0.2766205,0.3939308,0.40117216,0.48806864,0.28386188,0.4735859,Brown
0.0637504,0.9886808,0.13519481,0.0,0.0,0.0,0.004396579,0.0005495724,0.0,0.0,0.0,0.0071444414,0.0098923035,0.0,0.0,0.0,0.12913091,0.31804466,0.5679369,0.44956687,0.35750133,0.34913173,0.19967465,0.26065314,0.117048115,0.1355294,0.16838501,0.23614971,0.1653048,0.23922992,0.39734754,0.8008555,Gold
0.77929157,0.6265754,0.009010487,0.001848305,0.00023103812,0.0,0.0023103813,0.00023103812,0.0,0.0,0.0,0.0013862287,0.003927648,0.00069311436,0.0,0.00023103812,0.06747861,0.044622954,0.17250581,0.116455026,0.09958538,0.096592374,0.12516195,0.9566726,0.00043068497,0.0,0.015289317,0.061587952,0.077307954,0.06697151,0.12209919,0.9851919,Orange
0.33929512,0.6056715,0.16964756,0.6402707,0.19308572,0.045760196,0.047248334,0.042783923,0.12983991,0.12016702,0.05357291,0.015253399,0.002976273,0.0037203413,0.037203413,0.008184751,0.7467189,0.27886382,0.3310121,0.19047065,0.19860725,0.20711371,0.14978759,0.3376693,0.93429404,0.19045757,0.09024588,0.087754436,0.083878845,0.12651034,0.11903598,0.19433317,Black
0.016311299,0.99981743,0.009134328,0.0001304904,0.000652452,0.0002609808,0.000652452,0.0009134328,0.000652452,0.000652452,0.0011744136,0.0011744136,0.0030012792,0.000652452,0.0007829424,0.0003914712,0.07619174,0.21346547,0.37195715,0.27679786,0.2800127,0.45168522,0.6166066,0.26651037,0.00865395,0.08596257,0.13096312,0.16327119,0.4436592,0.41971657,0.38481233,0.65395015,Gold
0.98749506,0.15651989,0.015774682,0.00017527424,0.0,0.0,0.0019280167,0.00035054848,0.0,0.0,0.0,0.0031549362,0.0024538394,0.0,0.0,0.009289535,0.122887135,0.21791571,0.18819994,0.15136476,0.13434009,0.15291245,0.22379696,0.8874494,0.058318567,0.20395388,0.8306368,0.35989964,0.16367863,0.114059515,0.24680674,0.18655497,Brown
0.68498766,0.0050833966,0.0076250946,0.0,0.0012708491,0.0050833966,0.011437642,0.04193802,0.15885614,0.20587756,0.025416983,0.024146134,0.022875285,0.016521038,0.10293878,0.6697375,0.7637598,0.5103149,0.38016745,0.107314534,0.001141644,0.0034249318,0.002283288,0.013699727,0.044947736,0.11469422,0.4587769,0.50372463,0.5874204,0.21078938,0.19219032,0.30688453,Brown
0.066103436,0.03605642,0.9665124,0.049076796,0.02904545,0.004006269,0.02203448,0.049076796,0.2323636,0.005007836,0.0010015672,0.0,0.0,0.0010015672,0.0010015672,0.0010015672,0.74265516,0.22838642,0.21081823,0.116588876,0.2251922,0.46954972,0.23796907,0.1022149,0.013256223,0.031814937,0.076886095,0.037117425,0.17100528,0.33670807,0.48915464,0.7807915,Yellow
0.057044674,0.0,0.0,0.0,0.0025166767,0.008388923,0.009227815,0.021811198,0.07466141,0.99157065,0.08556701,0.0,0.0,0.0,0.0,0.0,0.81670815,0.45735657,0.34696016,0.05857769,0.0,0.0,0.0,0.0,0.010936553,0.61244696,0.5796373,0.24372888,0.22810523,0.11873971,0.16873538,0.3671557,Black
0.412691,0.81997555,0.07388791,0.04325146,0.014417153,0.019823585,0.03063645,0.07569005,0.23608088,0.27933234,0.07569005,0.034240738,0.0072085764,0.010812865,0.03964717,0.018021442,0.8621582,0.4284665,0.26909786,0.026126005,0.0013063003,0.0,0.0,0.0013063003,0.028532695,0.033882577,0.10521431,0.25679424,0.3495255,0.3780582,0.7721661,0.2443112,Gold
0.010544101,0.35448262,0.12150821,0.07180031,0.11096411,0.37707713,0.8339882,0.028117603,0.0040168003,0.0,0.0010042001,0.058745705,0.0040168003,0.0,0.0,0.0,0.06254328,0.096970774,0.7166657,0.51985514,0.3064047,0.13885756,0.17213747,0.245009,0.00048385042,0.0072577563,0.52255845,0.67690676,0.48433426,0.1833793,0.01064471,0.018870167,Green
0.8969504,0.43982348,0.0066067902,0.00031460906,0.0,0.0015730453,0.00031460906,0.022651853,0.005977572,0.0,0.005348354,0.03743848,0.0009438272,0.0009438272,0.0,0.0028314816,0.011442011,0.08254594,0.7527209,0.58313394,0.2823725,0.024518596,0.05026312,0.059661917,0.017688328,0.020567823,0.26491356,0.59029657,0.72851235,0.22295521,0.01398612,0.0,Brown
0.0008739084,0.4657932,0.8835214,0.0,0.0,0.002184771,0.012671672,0.023158573,0.0,0.0,0.0004369542,0.04151065,0.0004369542,0.0008739084,0.0,0.0,0.0019956082,0.008647636,0.08980237,0.34856623,0.22550373,0.3878132,0.40776926,0.7091061,0.0004901021,0.0019604084,0.0068614297,0.08478767,0.6283109,0.7640692,0.11909481,0.0,Yellow
0.012647521,0.998853,0.010840733,0.0,0.00030113145,0.0012045258,0.0069260234,0.013550916,0.00030113145,0.00030113145,0.0063237604,0.041556142,0.0012045258,0.0036135775,0.0006022629,0.00030113145,0.023764076,0.10157978,0.7222415,0.6765772,0.044732377,0.011183094,0.04519834,0.07455397,0.015451485,0.014968626,0.033800125,0.22694369,0.76339996,0.5958479,0.09367463,0.017382922,Gold
0.38453507,0.51036215,0.02707188,0.0028597056,0.0015251763,0.004766176,0.010485588,0.004003588,0.011248175,0.0,0.0032409998,0.017920822,0.0028597056,0.0028597056,0.00038129408,0.76830757,0.058189895,0.03467643,0.44058064,0.78045714,0.23347212,0.21162121,0.2503353,0.17385717,0.013594919,0.014418853,0.17158437,0.58437556,0.7019922,0.36685684,0.004943607,0.035635166,Red
0.8958413,0.44354358,0.017832527,0.00016211388,0.00048634165,0.001296911,0.0072951247,0.014752363,0.0006484555,0.0006484555,0.005187644,0.008105694,0.0011347971,0.005511872,0.0022695942,0.004052847,0.04299507,0.035177786,0.3428438,0.2881228,0.39337698,0.39086428,0.30236143,0.6304082,0.0052554016,0.0134304715,0.0116786705,0.09284543,0.37079778,0.8686985,0.31415623,0.014598338,Orange
0.39476827,0.49549106,0.037527356,0.0012996487,0.0034115778,0.004223858,0.0050361385,0.00747298,0.0061733313,0.00048736826,0.0071480675,0.0147835035,0.0025992973,0.008447716,0.0040614023,0.7724787,0.2776605,0.06545771,0.32429376,0.7472019,0.28814226,0.32450765,0.2549856,0.04235499,0.010295469,0.0036644891,0.037517387,0.6037682,0.68333995,0.3671469,0.011516966,0.17903647,Red
0.0031493732,0.99968374,0.012476363,0.00024225948,0.00096903794,0.002301465,0.0072677843,0.008963601,0.0025437246,0.0,0.0025437246,0.017684942,0.00012112974,0.00096903794,0.00060564873,0.00060564873,0.015343728,0.024549965,0.29207236,0.9180964,0.26264852,0.0050544045,0.033936717,0.028160254,0.004693447,0.0033792818,0.013892603,0.2076381,0.7815528,0.5863054,0.045620304,0.0,Gold
0.72425365,0.6793495,0.010415921,0.0,0.0004629298,0.009027131,0.007406877,0.0,0.0011573245,0.0002314649,0.0018517192,0.0037034384,0.008101271,0.018054262,0.03309948,0.11040876,0.080072336,0.27072075,0.74910164,0.5247231,0.27805337,0.06247402,0.03842299,0.0334368,0.011634347,0.043983508,0.056185383,0.45175317,0.74403065,0.45771223,0.15975945,0.045686092,Gold
0.44389686,0.6380438,0.033825126,0.0013900737,0.0004633579,0.0013900737,0.006950368,0.0004633579,0.0013900737,0.013900736,0.4040481,0.36790615,0.19970725,0.16263862,0.08989143,0.14642109,0.09588902,0.47223774,0.8598675,0.15762149,0.038543627,0.020995308,0.016921591,0.03697681,0.06781238,0.8524985,0.18513855,0.07929384,0.10584472,0.36274242,0.29205966,0.0,Black
0.8370885,0.4648857,0.040089037,0.001103368,0.0014711573,0.015447152,0.00073557865,0.0,0.0014711573,0.046709243,0.09599301,0.023538517,0.009562522,0.0084591545,0.11291132,0.2375919,0.78995603,0.5741663,0.21006083,0.0041375617,0.005092384,0.00477411,0.008275123,0.045194905,0.012522036,0.012230826,0.029121013,0.0,0.035818845,0.68900317,0.72307473,0.00029121013,White
0.9432342,0.32436907,0.007997497,0.0007056615,0.003293087,0.012466687,0.001411323,0.0021169845,0.00940882,0.003763528,0.014583671,0.00446919,0.0011761026,0.004233969,0.002822646,0.06703784,0.07161606,0.23758344,0.7260125,0.29896864,0.33875534,0.4414429,0.10192974,0.04395483,0.008106677,0.002876563,0.041317903,0.00026150572,0.028765628,0.61087734,0.78582466,0.08185129,Orange
0.89960307,0.4299308,0.05058009,0.025290046,0.0072257277,0.014451455,0.014451455,0.0108385915,0.0036128638,0.0,0.01806432,0.025290046,0.014451455,0.0072257277,0.0036128638,0.02890291,0.61276364,0.5424465,0.40181223,0.37669897,0.045203876,0.025113264,0.0,0.15570223,0.2098385,0.0,0.053679615,0.78567433,0.23423833,0.14639895,0.20007856,0.46847665,Brown
0.03502093,0.14241844,0.9875902,0.0,0.0,0.011673643,0.0,0.0023347286,0.023347287,0.0,0.046694573,0.0023347286,0.0,0.014008371,0.0,0.009338914,0.3167322,0.7184413,0.42874724,0.3399077,0.28969407,0.015450351,0.0,0.0,0.0,0.0,0.0,0.0,0.021636082,0.40490383,0.4883573,0.77271724,Yellow
0.015516469,0.031032939,0.1784394,0.41118643,0.2017141,0.18619764,0.069824114,0.29481292,0.5430764,0.5353182,0.1784394,0.09309882,0.069824114,0.0,0.062065877,0.0,0.8731083,0.48633665,0.026805956,0.007658845,0.0038294224,0.019147113,0.0,0.0,0.024514517,0.4412613,0.7170496,0.2696597,0.091929436,0.116443954,0.22675928,0.37997502,Black
0.93231636,0.17377047,0.01964362,0.0060441904,0.009066286,0.010073651,0.0060441904,0.016621523,0.30674267,0.06296032,0.030220952,0.0070515554,0.0070515554,0.0080589205,0.010577333,0.020650983,0.16993812,0.2724514,0.43206936,0.7175929,0.4251893,0.06054475,0.05848073,0.08600107,0.031111186,0.029444516,0.89555776,0.3338897,0.21722275,0.17722265,0.05777792,0.05222235,Brown
0.8453741,0.43097502,0.022101283,0.013260771,0.016023431,0.018233558,0.010498109,0.027626604,0.3099705,0.029836733,0.019891156,0.0022101284,0.0027626604,0.008287981,0.004972789,0.0016575963,0.07789323,0.10302008,0.12186521,0.15390195,0.15453011,0.23053883,0.2726263,0.8907468,0.03767642,0.020333307,0.051431306,0.23921537,0.49278367,0.81452835,0.12857826,0.124391995,Orange
0.88006073,0.21330525,0.015538794,0.007063088,0.009417451,0.013655303,0.008004833,0.015067921,0.41625133,0.07251437,0.019776646,0.004237853,0.006121343,0.008946578,0.0047087255,0.008004833,0.086248815,0.09841889,0.09206928,0.11217637,0.14604093,0.21006612,0.25715905,0.91116846,0.031208526,0.023543276,0.10840857,0.33179593,0.7632401,0.5239748,0.10129084,0.09636317,Orange
0.010517199,0.0008764332,0.0039439495,0.008326115,0.029360512,0.018405098,0.007887899,0.018405098,0.5008816,0.7892281,0.3510115,0.028045863,0.015775798,0.012708282,0.0048203827,0.0030675163,0.25707537,0.3769197,0.6638009,0.28501835,0.25583348,0.38064542,0.20801993,0.12791674,0.037682615,0.86111754,0.36147398,0.15631308,0.2656392,0.17166525,0.037217397,0.023260875,Black
0.033035006,0.7984307,0.312562,0.06403709,0.04015024,0.038625546,0.027952699,0.06759471,0.4955251,0.071660556,0.019821005,0.0025411544,0.0030493853,0.005082309,0.004574078,0.0055905394,0.26959178,0.43146208,0.46372092,0.6935652,0.16071819,0.06970215,0.06855005,0.09850469,0.024326043,0.016724154,0.028380383,0.18041815,0.66491187,0.6638983,0.18700646,0.21893439,Gold
0.0071459515,0.0010208503,0.009527936,0.8367569,0.2790324,0.12420344,0.13100912,0.23105244,0.36852694,0.0020417005,0.005104251,0.001701417,0.0020417005,0.0030625507,0.0003402834,0.0013611336,0.06058397,0.05278954,0.10805913,0.14171688,0.25190178,0.32098874,0.31673723,0.8336496,0.046247855,0.00090093224,0.0006006215,0.0279289,0.064867124,0.28559554,0.7429688,0.59942025,Yellow
0.23774764,0.015101938,0.026752004,0.005177807,0.0043148394,0.012944518,0.006040775,0.035813168,0.5561828,0.18726403,0.09061163,0.028477939,0.023731615,0.062133685,0.071626335,0.7602747,0.2739589,0.23971403,0.27770442,0.43287644,0.605706,0.38418454,0.22205652,0.19797811,0.021402253,0.0021839032,0.089540035,0.1581146,0.24416038,0.6455618,0.47478056,0.5145276,Red
0.01602674,0.005254669,0.007356537,0.0015764008,0.0023646012,0.0021018677,0.003941002,0.028900681,0.607177,0.79345506,0.023120545,0.0010509338,0.00026273346,0.0036782685,0.0023646012,0.002890068,0.12658755,0.06455127,0.07041957,0.25275597,0.5654524,0.47449377,0.49880528,0.3424571,0.015386386,0.0013379466,0.0551903,0.00033448666,0.12643595,0.5940483,0.5903689,0.52848893,Blue
0.020118041,0.0047469535,0.52645975,0.098555796,0.037975628,0.04340072,0.03774958,0.115283154,0.8332034,0.0051990445,0.01378877,0.004520908,0.010624134,0.007911589,0.003390681,0.0024864995,0.19304231,0.27148706,0.35777628,0.46077767,0.27899048,0.207367,0.32878584,0.56548434,0.052365053,0.0018618685,0.033513635,0.017455017,0.114970386,0.31256118,0.4701218,0.8148002,Gold
0.022846023,0.12330593,0.99176776,0.0034425515,0.0012518369,0.00031295922,0.0025036738,0.0012518369,0.014709083,0.00062591844,0.008762858,0.00813694,0.00406847,0.01627388,0.0025036738,0.0012518369,0.17899916,0.059867963,0.104013026,0.2249584,0.26607984,0.3084107,0.45294043,0.7293006,0.027238358,0.018726371,0.01915197,0.017875172,0.04596473,0.74437326,0.6562742,0.106399834,Yellow
0.93082964,0.36222917,0.044469133,0.009498262,0.0017269567,0.0012952175,0.00086347834,0.0021586958,0.0038856526,0.0043173917,0.008634783,0.007339566,0.0030221741,0.009066523,0.0017269567,0.0034539134,0.051357985,0.058783233,0.18191864,0.39044443,0.46840957,0.76480085,0.024132065,0.058783233,0.029627865,0.020369157,0.010647514,0.016202739,0.13239953,0.945777,0.28933463,0.050922893,Orange
0.14701349,0.42526338,0.07816815,0.0064542503,0.00071713893,0.009322806,0.0043028337,0.0021514168,0.0078885285,0.0014342779,0.023665585,0.87060666,0.14342779,0.076733865,0.06095681,0.050199725,0.30895224,0.46689975,0.49033153,0.515499,0.4183005,0.029506676,0.013885494,0.0659561,0.028720254,0.03430475,0.25848228,0.7722557,0.39091456,0.38134116,0.17072596,0.086160764,Violet
0.024742508,0.9924495,0.11899968,0.0062838118,0.0015709529,0.0031419059,0.0015709529,0.00039273823,0.0031419059,0.0015709529,0.009425717,0.0070692883,0.0027491676,0.0058910735,0.003927382,0.0027491676,0.07658987,0.090613365,0.28316677,0.93741685,0.15425847,0.014562863,0.02157461,0.05016097,0.033336233,0.016385606,0.015255564,0.021470794,0.40681505,0.864482,0.28477052,0.06328234,Gold
0.14601438,0.002509377,0.0069007864,0.0017251966,0.0017251966,0.0072144587,0.0018820327,0.0089396555,0.080770575,0.77837735,0.05536313,0.03701331,0.034660768,0.05144223,0.059597705,0.59519285,0.042916358,0.108293615,0.44179782,0.41071355,0.5370561,0.50597185,0.26953077,0.074000634,0.050570816,0.028707493,0.18745424,0.18802458,0.23156111,0.38422415,0.669588,0.5258604,Red
0.020414611,0.00999612,0.11544815,0.025905438,0.013938252,0.008729006,0.021540934,0.048854277,0.52275485,0.8416451,0.015205366,0.0059131975,0.0073211016,0.019710658,0.00337897,0.001971066,0.22702807,0.57027286,0.6081109,0.35405567,0.32587022,0.12915117,0.02509664,0.06776093,0.36191276,0.3918504,0.4415247,0.26744288,0.1747471,0.117976464,0.40271667,0.4923078,Black
0.611862,0.07893056,0.008649924,0.00084096484,0.0012013783,0.007929097,0.0022826188,0.010451991,0.069559805,0.7805355,0.047094032,0.020063018,0.01657902,0.025829634,0.013695713,0.036281627,0.26394513,0.31097656,0.54931384,0.5501507,0.39549926,0.2617693,0.018243512,0.06276438,0.10721692,0.21150817,0.23095521,0.37276378,0.16779533,0.23887171,0.5366009,0.61507744,Brown
0.06340437,0.52797693,0.25220326,0.0131994225,0.0048319316,0.012845866,0.0029462997,0.010253123,0.05609755,0.8045755,0.04549087,0.010960235,0.009192456,0.017913502,0.0064818594,0.0034177077,0.40251252,0.34143275,0.44210127,0.47393385,0.37698182,0.39265573,0.032478932,0.06318041,0.028411712,0.039939415,0.084536485,0.07685135,0.08791329,0.23602681,0.38844866,0.87761915,Gold
0.27141064,0.93316996,0.20637865,0.06315155,0.008618698,0.007208366,0.00564133,0.0076784766,0.0068949587,0.002820665,0.022408616,0.022878727,0.015983768,0.01911784,0.027266428,0.07929203,0.15825772,0.5630779,0.63195133,0.3627189,0.29751587,0.14659889,0.076861866,0.105145305,0.29390046,0.9281226,0.1558426,0.110476434,0.124643944,0.010851709,0.004370827,0.0067823185,Black
0.9981727,0.056824483,0.012774496,0.0010571997,0.0016738995,0.0050216983,0.0045811986,0.005814598,0.005726498,0.0010571997,0.0045811986,0.0030834991,0.0013214996,0.0048454986,0.0012333996,0.009162397,0.027375136,0.019030843,0.0411359,0.15517457,0.20392281,0.4904102,0.826085,0.09281196,0.032531574,0.02395736,0.08221158,0.5632501,0.8180808,0.071241625,0.0036566497,0.0036566497,Red
0.88298506,0.468385,0.025160424,0.0036464385,0.0018232192,0.006290106,0.002279024,0.0059254626,0.006563589,0.00054696575,0.006745911,0.0049226917,0.0052873357,0.007292877,0.0014585754,0.0051961746,0.03386319,0.061651256,0.21454187,0.33784437,0.8982183,0.15885323,0.01372528,0.05163855,0.029386941,0.027850369,0.31951097,0.9368288,0.11389841,0.07490789,0.0033612514,0.005474038,Brown
0.020237526,0.9976484,0.06471899,0.0023113927,0.0010272856,0.0034927712,0.0015409284,0.0040064137,0.0043145996,0.0003081857,0.0041605067,0.0032359497,0.0013868356,0.003133221,0.0008218285,0.0019004784,0.078558475,0.08866996,0.4945122,0.7887824,0.3413707,0.037075453,0.010889294,0.034914877,0.02648706,0.039079268,0.1851489,0.65661854,0.6967399,0.21015961,0.04715565,0.02249229,Gold
0.02009342,0.0009568296,0.01913659,0.0038273183,0.0019136592,0.0076546366,0.0009568296,0.0019136592,0.015309273,0.018179761,0.081330515,0.09281247,0.98936176,0.06697807,0.0028704887,0.0047841477,0.16933991,0.26683864,0.39341596,0.74406934,0.27025965,0.1282878,0.30446973,0.09749874,0.06441483,0.06572942,0.3049845,0.8702575,0.35625345,0.113054596,0.035493884,0.014460472,Violet
0.05181075,0.036895532,0.99382436,0.01805526,0.0062800907,0.0062800907,0.007850113,0.004710068,0.032970477,0.036895532,0.06908099,0.017270248,0.007065102,0.012560181,0.004710068,0.0054950793,0.40218356,0.23684143,0.15491515,0.18321696,0.6673268,0.29195547,0.13257162,0.42005837,0.07818349,0.03664851,0.030540425,0.10628068,0.39213905,0.6682245,0.6034788,0.12582655,Yellow
0.22371463,0.9687364,0.01977013,0.0072837323,0.009364799,0.021851197,0.0072837323,0.0072837323,0.017689064,0.044742927,0.06867519,0.040580794,0.018729597,0.023932263,0.010405332,0.02601333,0.26952708,0.11472178,0.045612276,0.044230085,0.063580744,0.15618749,0.58743083,0.73256075,0.065940306,0.027285643,0.0636665,0.08072003,0.7026053,0.7003315,0.014779723,0.0011369018,Orange
0.0713136,0.947949,0.033917442,0.006087746,0.009566458,0.005218068,0.000869678,0.005218068,0.023481306,0.25133693,0.17132656,0.03304776,0.01739356,0.013914848,0.009566458,0.014784526,0.6544823,0.16843295,0.13594945,0.48965865,0.4956741,0.17324533,0.022858758,0.09384122,0.076348044,0.17208607,0.3223584,0.719853,0.34901965,0.44112203,0.1611792,0.008483116,Gold
0.59602594,0.8009538,0.04736319,0.0014068275,0.002813655,0.0042204824,0.0023447126,0.01313039,0.0107856775,0.0,0.015475103,0.0107856775,0.0079720225,0.014537218,0.00187577,0.0051583676,0.06777157,0.065164976,0.21439277,0.34016114,0.46201965,0.77024996,0.102309,0.110780455,0.027801579,0.031045096,0.9559109,0.22148591,0.15754227,0.10193912,0.01297407,0.007877114,Brown
0.020844743,0.2886681,0.21286905,0.15222979,0.2551902,0.71187955,0.52427685,0.0037899534,0.013264837,0.0,0.021476403,0.014528154,0.0031582944,0.009474883,0.0044216122,0.0025266355,0.05442602,0.24716403,0.7489819,0.6086726,0.020472173,0.0089877825,0.021470815,0.05941923,0.031317342,0.5368687,0.8142508,0.12278386,0.096934624,0.1526099,0.003976805,0.0029826039,Green
0.016890602,0.99881923,0.03930313,0.0035730118,0.00032481927,0.0071460237,0.0029233734,0.0071460237,0.0058467467,0.0,0.012667951,0.010719036,0.0016240963,0.008445301,0.002273735,0.0042226505,0.044880234,0.11893262,0.44880235,0.8050392,0.35062683,0.050490264,0.029733155,0.08919947,0.03361591,0.030503325,0.12325834,0.49054328,0.6405698,0.534742,0.17803982,0.11890072,Gold
0.014062559,0.99798805,0.05443571,0.0040826784,0.0031754165,0.0045363093,0.00090726186,0.005897202,0.0027217856,0.00045363093,0.018598868,0.018145237,0.0036290474,0.008165357,0.0018145237,0.0031754165,0.063955076,0.80622154,0.58076376,0.02907049,0.018088304,0.020026337,0.02907049,0.07881332,0.020449257,0.01912995,0.0382599,0.24539109,0.883276,0.39315346,0.052112624,0.008575495,Gray
0.6049781,0.006575849,0.015343647,0.006575849,0.0043838993,0.008767799,0.0043838993,0.0043838993,0.07891019,0.6225137,0.28056955,0.14686063,0.06575849,0.11836528,0.10082968,0.33317634,0.23174562,0.29069844,0.58342975,0.66677684,0.24394275,0.09147853,0.030492844,0.08944567,0.056156784,0.022061594,0.42318147,0.7641334,0.27075592,0.15443116,0.19253755,0.31487912,Brown
0.13989435,0.009647886,0.014471829,0.0,0.004823943,0.016883802,0.0,0.012059858,0.06753521,0.4317429,0.25084504,0.11336266,0.069947176,0.10853872,0.16642603,0.81765836,0.104818806,0.42556435,0.8511287,0.19915573,0.16142096,0.044023897,0.023060137,0.123686194,0.055242404,0.03238348,0.1619174,0.9410258,0.19239597,0.14096338,0.12762901,0.10477008,Brown
0.058129493,0.015501198,0.042628296,0.031002397,0.032940045,0.0058129495,0.029064747,0.040690646,0.11625899,0.9765755,0.12982254,0.060067143,0.034877695,0.021314148,0.023251798,0.009688249,0.5217087,0.36660612,0.17202288,0.239704,0.6204104,0.33840564,0.033840567,0.07614127,0.07585791,0.88827163,0.19820938,0.13213958,0.15416285,0.16639799,0.21778561,0.22267967,Black
0.7723635,0.009373344,0.018746687,0.005624006,0.0074986746,0.011248012,0.0018746686,0.0037493373,0.031869367,0.49303785,0.26432827,0.11435479,0.067488074,0.088109426,0.101232104,0.23058425,0.11678909,0.21689402,0.4819867,0.53574675,0.6339979,0.10195873,0.02595313,0.083420776,0.05128103,0.0778057,0.4809807,0.80104506,0.17506282,0.1414649,0.18390438,0.18390438,Brown
0.071263835,0.0121669965,0.008690712,0.0017381423,0.0069525694,0.015643282,0.013905139,0.027810277,0.0695257,0.9872649,0.107764825,0.020857709,0.024333993,0.017381424,0.013905139,0.027810277,0.6998101,0.26424363,0.19745678,0.1597077,0.21487944,0.5197759,0.21778321,0.1103435,0.053253032,0.060860608,0.04057374,0.07861162,0.39559394,0.62889296,0.62889296,0.19526112,White
0.99389535,0.10817043,0.010180746,0.0012725933,0.0,0.0063629663,0.00381778,0.005090373,0.0025451866,0.0012725933,0.00381778,0.005090373,0.0012725933,0.01145334,0.0,0.010180746,0.020549137,0.010274569,0.02876879,0.23426016,0.23631507,0.3144018,0.8733383,0.16233818,0.045675606,0.034713462,0.020097267,0.54810727,0.8111988,0.19366457,0.018270243,0.0,Red
0.09099452,0.21673241,0.031434473,0.009926675,0.0016544459,0.0049633374,0.0016544459,0.0033088918,0.018198906,0.95626974,0.16213569,0.041361146,0.009926675,0.00827223,0.011581121,0.023162242,0.4122858,0.39196187,0.33389345,0.30776265,0.26711476,0.32518318,0.44132003,0.3135695,0.023749959,0.11578105,0.9648421,0.20335902,0.11726542,0.0014843724,0.0014843724,0.0,Blue
0.01632055,0.23052777,0.4590155,0.34477162,0.4120939,0.56509906,0.35701206,0.0040801377,0.0040801377,0.0020400689,0.014280482,0.0,0.0020400689,0.012240414,0.0,0.0040801377,0.04512559,0.20456934,0.78217685,0.57309496,0.11883072,0.015041864,0.015041864,0.03610047,0.03993653,0.33946052,0.88935584,0.21504286,0.15667409,0.14284989,0.018432245,0.026112348,Green
0.01212528,0.9975063,0.06790157,0.0056584636,0.00080835196,0.007275168,0.00080835196,0.00080835196,0.002425056,0.00080835196,0.009700224,0.002425056,0.0016167039,0.0040417598,0.00080835196,0.0032334079,0.06262898,0.10577338,0.18092816,0.5441762,0.7877334,0.18231991,0.016701061,0.044536162,0.037475195,0.023984125,0.19037399,0.2863105,0.81546026,0.39274004,0.10343154,0.22335216,Gold
0.036201045,0.120246746,0.6444209,0.6793518,0.32623282,0.022440415,0.0029638284,0.0014819142,0.0063510607,0.0008468081,0.014184035,0.0071978685,0.0050808485,0.011855314,0.0048691463,0.0025404242,0.2274425,0.8865445,0.34482542,0.14709483,0.12052151,0.044777088,0.025317887,0.06779335,0.6888083,0.6523919,0.28388256,0.11421514,0.07697107,0.017794387,0.0066211675,0.0028967608,Black
0.9256448,0.37514067,0.044359464,0.0070209224,0.0012765314,0.007818755,0.004627426,0.003350895,0.00670179,0.0015956642,0.005744391,0.00223393,0.0065422235,0.011967482,0.0019147971,0.007978321,0.007933515,0.023567207,0.09333547,0.18550426,0.4137095,0.3003069,0.7961516,0.24710566,0.03566416,0.0398825,0.44215888,0.86341774,0.22472255,0.07209529,0.021091707,0.0,Red
0.081350505,0.9871571,0.136226,0.0051746625,0.000120340985,0.0060170493,0.0021661378,0.0016847738,0.0038509115,0.00036102295,0.011312053,0.0048136394,0.0045729573,0.008905233,0.0016847738,0.0024068197,0.05176855,0.11325783,0.21227366,0.43381593,0.58753914,0.5608636,0.27285868,0.13043866,0.1615362,0.907439,0.34915292,0.12697951,0.08981478,0.06601631,0.0017930355,0.0009780194,Brown
0.01117501,0.7981244,0.6020537,0.007365348,0.0015238652,0.007492337,0.0017778426,0.00050795503,0.0060954606,0.0017778426,0.0060954606,0.002539775,0.004698584,0.012698876,0.0020318201,0.0040636403,0.008209245,0.008364136,0.11957617,0.13661423,0.84121525,0.49007642,0.11926639,0.069701135,0.039132554,0.03622187,0.21215665,0.58553296,0.7535442,0.19808833,0.047217794,0.0,Gold
0.91913766,0.39276075,0.015501497,0.004212363,0.004717847,0.0030329016,0.0005054836,0.002864407,0.00893021,0.00016849453,0.007582254,0.0021904288,0.002527418,0.011963111,0.0040438687,0.01786042,0.16523202,0.11552119,0.49908546,0.16664426,0.23810358,0.6821117,0.3914728,0.08529927,0.03136673,0.0010668954,0.013016125,0.03072659,0.01899074,0.46111223,0.7617634,0.4523637,Red
0.0285933,0.25608745,0.9657022,0.0052177557,0.0010435511,0.0012522613,0.00041742044,0.0,0.0073048575,0.0,0.011479062,0.0,0.0035480738,0.011270352,0.024627807,0.007722278,0.08130579,0.040495932,0.22570989,0.11112837,0.13718389,0.47873098,0.81902236,0.09825757,0.026413245,0.033016555,0.006225979,0.0022639923,0.0005659981,0.024903916,0.11112429,0.992572,Yellow
0.37471113,0.29380006,0.17044382,0.2049305,0.076268636,0.054382853,0.0961648,0.15916932,0.7626864,0.11473455,0.12600905,0.011274494,0.02055937,0.07029978,0.03448669,0.20360409,0.4370671,0.53970736,0.56790525,0.31976393,0.2774671,0.08628551,0.06654699,0.0637272,0.69939244,0.61357427,0.2307327,0.12641479,0.13669242,0.07194338,0.1839695,0.08633205,Black
0.12501034,0.97036207,0.03462296,0.013481507,0.0113367215,0.016239088,0.016851883,0.06189237,0.18966028,0.0113367215,0.019609464,0.002757581,0.0039831726,0.018690271,0.004902366,0.0012255915,0.30746868,0.20034158,0.21471794,0.098315775,0.1711251,0.6390525,0.60890853,0.03339026,0.020375004,0.041045297,0.014469205,0.020965584,0.010039857,0.24066128,0.95880634,0.14114858,Orange
0.9605417,0.11781327,0.031125974,0.025308035,0.015999332,0.02007189,0.017162919,0.05410683,0.23620832,0.009599599,0.030544179,0.0017453816,0.0034907633,0.031707767,0.009599599,0.0075633205,0.42172235,0.2707294,0.3991215,0.19282858,0.4900058,0.45394057,0.32218242,0.049048666,0.057101436,0.06267231,0.006267231,0.85861063,0.41851175,0.12116646,0.20786315,0.15006536,Brown
0.98016423,0.043883882,0.03052792,0.005178843,0.007086838,0.009812545,0.017171955,0.06623468,0.17362754,0.026439358,0.008994834,0.008994834,0.002725707,0.008994834,0.00790455,0.020170232,0.36736482,0.30993173,0.28302613,0.19196105,0.40203163,0.2685385,0.5774354,0.29130477,0.06183307,0.0006870341,0.081413545,0.896923,0.36550215,0.15080398,0.1490864,0.080726504,Brown
0.019488739,0.99879783,0.04055377,0.005015484,0.0042989864,0.003869088,0.0010030968,0.0008597973,0.0055886824,0.0035824887,0.0071649775,0.01275366,0.001576295,0.004728885,0.0020061936,0.0055886824,0.22365192,0.11010113,0.5844272,0.34841403,0.57580304,0.37831095,0.005174466,0.014660986,0.00042399723,0.0016959889,0.012507918,0.002755982,0.09963935,0.153911,0.76849496,0.612888,Gold
0.31387097,0.102245845,0.13910191,0.3626161,0.16763563,0.035667155,0.05468964,0.16823009,0.79953873,0.069550954,0.124835044,0.018428031,0.043989494,0.06420088,0.030911535,0.11175709,0.4809661,0.46346733,0.65195405,0.27848035,0.2169847,0.056496017,0.01999859,0.024498273,0.6901333,0.5887031,0.24159762,0.101939924,0.106527224,0.09480413,0.24618492,0.16565238,Black
0.04163989,0.99875385,0.020819945,0.008146935,0.0048278132,0.005733028,0.00181043,0.0015086916,0.0066382433,0.00181043,0.007845197,0.0021121684,0.002715645,0.008146935,0.0015086916,0.0024139066,0.019429302,0.013641851,0.024389975,0.20586793,0.09549295,0.094666176,0.11409548,0.96195716,0.047394477,0.02736176,0.012215071,0.008306248,0.08990292,0.2960933,0.5604275,0.76612926,Orange
0.05141558,0.33395168,0.039934434,0.008486067,0.0014975412,0.01247951,0.0029950824,0.0049918042,0.010981969,0.9374608,0.06589181,0.013977051,0.012978691,0.014975412,0.0064893453,0.0069885254,0.1628232,0.15403777,0.17570849,0.18566531,0.049198378,0.04099865,0.08726855,0.9341835,0.047692213,0.007089383,0.13663174,0.55490535,0.7534081,0.15081051,0.28164184,0.037380382,Blue
0.91607773,0.3094134,0.025297953,0.016540969,0.0048649907,0.006324488,0.00048649908,0.0043784915,0.011675978,0.0048649907,0.008756983,0.0029189945,0.0019459963,0.007783985,0.0024324954,0.25249302,0.025477625,0.01609113,0.028606456,0.13141091,0.10772119,0.07911473,0.08179659,0.97798324,0.04119536,0.04119536,0.07582334,0.78927916,0.5385248,0.14925854,0.22329079,0.07582334,Brown
0.023249881,0.9994777,0.014698201,0.0050775604,0.0016034401,0.0069482406,0.0016034401,0.00293964,0.00481032,0.00053448003,0.0056120404,0.0042758402,0.0026724,0.008818921,0.0040086,0.0050775604,0.057813667,0.059465487,0.16848554,0.7515777,0.42231506,0.35789412,0.19987011,0.23125467,0.045131452,0.023862606,0.023343854,0.067437805,0.38024545,0.48658967,0.63184035,0.4601333,Gold
0.9986836,0.04475233,0.018843086,0.00058884645,0.0011776929,0.0070661576,0.0017665394,0.01001039,0.004121925,0.0,0.0035330788,0.0029442322,0.0011776929,0.005299618,0.0029442322,0.006477311,0.025226679,0.029431125,0.068322256,0.21232454,0.33635572,0.423598,0.8062026,0.07883337,0.028672146,0.017823225,0.01084892,0.34019113,0.9314573,0.12398765,0.004649537,0.0023247686,Red
0.9975934,0.064056516,0.019862486,0.0,0.00049656216,0.0039724973,0.0054621836,0.011917492,0.002979373,0.0014896865,0.0039724973,0.0044690594,0.0009931243,0.0069518704,0.0009931243,0.0049656215,0.026377447,0.02042125,0.057860207,0.18549302,0.2510112,0.55052286,0.7674986,0.07743057,0.025407055,0.014252739,0.022308635,0.2367194,0.95989096,0.14562581,0.0024787372,0.0037181056,Red
0.99403286,0.104957275,0.023615386,0.0017492879,0.00218661,0.005247864,0.00437322,0.005685186,0.0069971518,0.0,0.005247864,0.00437322,0.0017492879,0.010058406,0.00087464397,0.0061225076,0.03650096,0.031841263,0.104066566,0.31608278,0.2733689,0.5195562,0.73234904,0.076885,0.025930196,0.029387554,0.012676984,0.25123477,0.9329108,0.25065854,0.044945672,0.0034573595,Red
0.01100278,0.99946874,0.027358264,0.00059474487,0.0011894897,0.0029737244,0.00029737243,0.002676352,0.0038658415,0.00059474487,0.006244821,0.00981329,0.002081607,0.004163214,0.0014868622,0.00059474487,0.049035795,0.06846507,0.4760173,0.860902,0.1517334,0.008326833,0.013415453,0.043484572,0.026734,0.011881778,0.09802467,0.13317493,0.82083285,0.53170955,0.11040152,0.05594337,Gold
0.10080472,0.6576308,0.055362593,0.044482082,0.01584074,0.029121364,0.020160943,0.029761393,0.23793113,0.6675512,0.20176944,0.06912324,0.03248152,0.021761019,0.015680734,0.020640966,0.533767,0.4420882,0.51263595,0.44741255,0.22062813,0.05108057,0.038435217,0.06256122,0.42235252,0.73852986,0.21201493,0.1187552,0.3275832,0.16370773,0.28112108,0.06323547,Black
0.009110709,0.26460668,0.06113418,0.018485496,0.009770906,0.024691341,0.006601963,0.009506827,0.0682643,0.9587371,0.03050107,0.0018485497,0.0038291386,0.013468005,0.003036903,0.002508746,0.082532875,0.0736104,0.10647485,0.22692823,0.07271816,0.06260602,0.096808836,0.95202786,0.013303935,0.0346981,0.054114655,0.37466756,0.78565127,0.4142198,0.22976255,0.11703867,Blue
0.023190545,0.57992357,0.12123057,0.06493352,0.05645698,0.37344775,0.6992349,0.100279115,0.040623438,0.009436153,0.023990218,0.0031986958,0.0023990218,0.013434522,0.0020791523,0.009276218,0.045874976,0.032098707,0.17482086,0.33228362,0.19672512,0.050972197,0.09891361,0.89711064,0.012484826,0.11219916,0.7117993,0.367481,0.19696456,0.24756095,0.493972,0.03827585,Green
0.023701431,0.9989646,0.021395845,0.0035044919,0.00036889387,0.00092223467,0.0011066817,0.0012911286,0.0065478664,0.015309095,0.0053489613,0.01623133,0.020104716,0.004887844,0.0022133633,0.0056256317,0.08409326,0.06845608,0.09417055,0.68212837,0.6167997,0.31239605,0.15063813,0.11554136,0.007998048,0.029810907,0.095794804,0.3026534,0.46079665,0.5882201,0.5533195,0.18377334,Gold
0.9973233,0.05145894,0.0035813914,0.0,0.00094247144,0.0,0.0030159086,0.00131946,0.00923622,0.035248432,0.022619314,0.0062203114,0.0056548286,0.003204403,0.015268037,0.022807809,0.4316034,0.21817687,0.3291315,0.62704647,0.51439524,0.0,0.0,0.0,0.058229353,0.011068389,0.93576014,0.29716218,0.1795004,0.017324435,0.0009624686,0.0036092573,Brown
0.0027452428,0.0,0.0,0.0,0.0,0.00015251349,0.0038128372,0.0013726214,0.006863107,0.9998784,0.0131161595,0.00015251349,0.0,0.0,0.0,0.0,0.10326043,0.15683614,0.15623753,0.12091946,0.12630697,0.19544655,0.26279032,0.89582163,0.0,0.0,0.37188804,0.90691346,0.17616974,0.08750307,0.022341209,0.0039562555,Blue
0.5217888,0.70061153,0.22819918,0.027579628,0.011565651,0.0013344982,0.08407339,0.0057828254,0.033807285,0.30915874,0.18549524,0.0040034945,0.0075621563,0.0,0.2135197,0.0035586618,0.99812096,0.061273985,0.0,0.0,0.0,0.0,0.0,0.0,0.61944175,0.73491323,0.19790138,0.1123412,0.1561647,0.002434639,0.0010434168,0.0038258615,Black
0.02714714,0.9962591,0.055794876,0.0042289514,0.0013641779,0.00040925335,0.0083214855,0.0032740268,0.009003574,0.047746226,0.032331016,0.0066844714,0.001909849,0.00027283558,0.007912232,0.0009549245,0.44095245,0.24543363,0.45130342,0.71743906,0.16377576,0.010350997,0.00023002214,0.0,0.0,0.0001924363,0.71913445,0.6423524,0.2607512,0.040219188,0.017319268,0.017896576,Gold
0.25973877,0.9357712,0.20280974,0.03913872,0.032022588,0.024906458,0.010674196,0.010674196,0.021348393,0.007116131,0.014232262,0.021348393,0.032022588,0.017790327,0.035580654,0.0925097,0.27436313,0.53073525,0.7286365,0.22938557,0.16191922,0.08545737,0.06296859,0.14842595,0.42666417,0.84958565,0.14222139,0.17216273,0.2095894,0.048654687,0.0,0.0,Black
0.33988425,0.9401637,0.016446013,0.0,0.005482004,0.002741002,0.002741002,0.005482004,0.0,0.0,0.005482004,0.010964008,0.0,0.0082230065,0.0,0.002741002,0.008932577,0.040196598,0.50915694,0.46002772,0.43323,0.57168496,0.080393195,0.080393195,0.05746443,0.010774581,0.86555797,0.38429338,0.17598481,0.26218146,0.0,0.0,Brown
0.019192824,0.9910477,0.13086016,0.006979209,0.0,0.0017448022,0.0,0.0034896045,0.0,0.0,0.012213616,0.010468814,0.0017448022,0.0,0.0017448022,0.0017448022,0.096133076,0.12440751,0.34212065,0.83692324,0.3901872,0.048066538,0.02544699,0.05089398,0.029555934,0.05320068,0.14186849,0.21280272,0.81869936,0.45811698,0.07388984,0.21280272,Gold
0.26014963,0.94634145,0.1470411,0.05655427,0.007540569,0.007540569,0.018851424,0.0,0.015081138,0.018851424,0.08294626,0.022621708,0.015081138,0.011310854,0.04147313,0.037702847,0.36082006,0.52344316,0.65557444,0.31000033,0.21852481,0.0559017,0.015245918,0.13721326,0.38517547,0.88550645,0.12706819,0.14295171,0.15486436,0.0833885,0.0,0.0,Black
0.032344203,0.9994606,0.005431851,0.0009876093,0.0007407069,0.0,0.00024690232,0.0,0.0009876093,0.00049380463,0.0,0.0,0.0,0.00024690232,0.00024690232,0.0,0.0824541,0.06435442,0.2036214,0.43791172,0.3976902,0.75616443,0.15988052,0.01809968,0.0,0.0,0.24698344,0.91821116,0.2552556,0.16623127,0.024422605,0.05002695,Brown
0.0052745426,0.99996537,0.006373406,0.00021977261,0.0006593178,0.00021977261,0.00021977261,0.0,0.0,0.0,0.00021977261,0.0,0.00021977261,0.0,0.0,0.00021977261,0.026786314,0.068453915,0.24405308,0.81065804,0.52568144,0.039063375,0.0011160964,0.0,0.0,0.0,0.12955293,0.7277301,0.4954283,0.40072063,0.13759415,0.16931228,Gold
0.008196765,0.32223532,0.086578324,0.03688544,0.010758254,0.0056352755,0.012807445,0.015881231,0.20696831,0.91854995,0.010245956,0.0010245956,0.0010245956,0.0,0.0005122978,0.0,0.33078355,0.3664893,0.40421614,0.3536891,0.68379897,0.014147565,0.0,0.0,0.0,0.0,0.6459604,0.74023575,0.18605655,0.007980978,0.0049881116,0.008978601,Blue
0.0028248434,0.9999945,0.0015693575,0.00062774296,0.0,0.0,0.0,0.0,0.0,0.0,0.00031387148,0.0,0.0,0.0,0.0,0.0,0.017166216,0.025749324,0.14136884,0.8578059,0.48519805,0.08835553,0.0015146661,0.0,0.0,0.0,0.14357798,0.7896789,0.5293753,0.27455178,0.011508158,0.0065760906,Gold
0.046531465,0.99824536,0.036595058,0.0,0.0,0.0,0.0,0.0,0.0,0.0,0.00024235138,0.0,0.0,0.00024235138,0.0012117568,0.00048470276,0.119183436,0.41499844,0.7416811,0.49688348,0.12775779,0.01629126,0.0,0.0,0.014986201,0.9737842,0.1348758,0.09342461,0.149862,0.045277458,0.005739396,0.007652528,Black
0.0009770835,0.3947417,0.20877016,0.19118266,0.2950792,0.8223786,0.025729863,0.0,0.0,0.0,0.0,0.0,0.0009770835,0.00032569448,0.0009770835,0.0,0.06271292,0.21794851,0.7376502,0.635566,0.022216687,0.0,0.0,0.0,0.0,0.01926095,0.9419889,0.25090596,0.19029818,0.114024825,0.0041090026,0.010015694,Green
0.030346151,0.25437215,0.013388008,0.00089253386,0.0002975113,0.0,0.0014875564,0.0002975113,0.0014875564,0.9621515,0.09014592,0.013388008,0.006247737,0.0011900451,0.00922285,0.0047601806,0.35632363,0.35336414,0.4113703,0.2237381,0.33028007,0.42675972,0.42616782,0.2367599,0.0,0.00032935204,0.8599382,0.47854853,0.17686205,0.0062576886,0.0036228725,0.012844729,Blue
0.0003910178,0.9999628,0.008602391,0.00026067853,0.0,0.0,0.0,0.0,0.0,0.0,0.0,0.0,0.0,0.00026067853,0.0003910178,0.0,0.030092187,0.07956192,0.3465161,0.8188723,0.4475073,0.043314513,0.00045594224,0.0,0.0,0.003305019,0.20008077,0.74235815,0.56464976,0.26236767,0.12838727,0.068642706,Gold
0.5107998,0.011609087,0.0058045434,0.0,0.011609087,0.0058045434,0.0058045434,0.0,0.023218174,0.0058045434,0.046436347,0.023218174,0.029022716,0.029022716,0.07545906,0.85326785,0.38684154,0.31956476,0.20183037,0.36161274,0.6643583,0.36161274,0.008409599,0.06727679,0.029055776,0.03631972,0.19612649,0.523004,0.58837944,0.5738516,0.10169522,0.0,Red
0.7075441,0.0,0.0057060006,0.0,0.0,0.0057060006,0.0,0.0,0.051354006,0.022824002,0.039942004,0.0057060006,0.034236003,0.057060007,0.07417801,0.69613206,0.27904496,0.27904496,0.28725216,0.26263055,0.5909187,0.5662971,0.03282882,0.14772968,0.10021498,0.035791066,0.20758817,0.44380918,0.6800302,0.51539135,0.14316426,0.007158213,Red
0.06827887,0.99625087,0.027932268,0.0,0.0,0.012414341,0.0,0.0031035852,0.009310756,0.015517926,0.031035852,0.018621512,0.0062071704,0.0031035852,0.012414341,0.0062071704,0.51296216,0.43088824,0.6463323,0.36420316,0.005129622,0.010259244,0.005129622,0.02564811,0.05374878,0.009772506,0.06352129,0.70850664,0.5130565,0.46908027,0.087952554,0.0,Gold
0.47458798,0.0,0.005518465,0.0,0.0,0.016555395,0.0,0.0,0.016555395,0.016555395,0.016555395,0.08829544,0.01103693,0.03311079,0.06622158,0.8719174,0.50846523,0.2860117,0.23834307,0.32573554,0.6435263,0.2860117,0.015889538,0.023834307,0.02831047,0.0070776176,0.33972564,0.50251085,0.6936065,0.36803612,0.1203195,0.014155235,Red
0.8348995,0.54753876,0.013591387,0.0,0.0,0.01747464,0.00582488,0.0038832536,0.00582488,0.0038832536,0.007766507,0.0019416268,0.007766507,0.007766507,0.0038832536,0.04854067,0.16494061,0.22638908,0.2619645,0.31694472,0.5465679,0.5789092,0.33311534,0.0873215,0.06114901,0.0146757625,0.0146757625,0.07827073,0.36200213,0.55034107,0.741126,0.08071669,Orange
0.98361665,0.004230609,0.016922437,0.0,0.0021153046,0.0021153046,0.004230609,0.0021153046,0.010576523,0.0,0.016922437,0.0021153046,0.0021153046,0.008461218,0.010576523,0.17768559,0.2564766,0.3419688,0.5642485,0.70103604,0.06839376,0.01709844,0.013678752,0.04787563,0.06221847,0.026665058,0.25776222,0.865133,0.41478977,0.08888353,0.023702273,0.0029627841,Brown
0.15330914,0.98619056,0.047172043,0.017689517,0.0014741264,0.008844758,0.004422379,0.0014741264,0.01621539,0.0014741264,0.0073706317,0.011793011,0.013267137,0.0073706317,0.010318885,0.022111895,0.5269553,0.47610876,0.56624585,0.41601735,0.025423283,0.00924483,0.0,0.034668114,0.042055633,0.019116197,0.05352535,0.85067075,0.47790492,0.20072007,0.051613733,0.0038232394,Gold
0.7621846,0.6458673,0.02754884,0.0061219647,0.0061219647,0.009182947,0.0,0.009182947,0.0030609823,0.0030609823,0.012243929,0.012243929,0.009182947,0.012243929,0.0061219647,0.018365894,0.10513677,0.20526701,0.29538426,0.44557962,0.4806252,0.5807555,0.27035168,0.14018235,0.08379778,0.039903708,0.035913337,0.07581705,0.36711413,0.5227386,0.7461993,0.13966298,Orange
0.0076763555,0.0,0.0057572667,0.0057572667,0.0038381778,0.013433622,0.0,0.0019190889,0.026867244,0.99600714,0.08252082,0.0057572667,0.0019190889,0.0076763555,0.0038381778,0.0019190889,0.053735986,0.26867992,0.31828237,0.26867992,0.26041287,0.29348117,0.3637513,0.68203366,0.026309954,0.04604242,0.08221861,0.47357917,0.75312245,0.39136055,0.21376838,0.009866233,Blue
0.025024123,0.02293878,0.9967943,0.05630428,0.01668275,0.006256031,0.006256031,0.006256031,0.025024123,0.012512062,0.02293878,0.012512062,0.010426719,0.010426719,0.0,0.0,0.351216,0.25665784,0.21613291,0.27917168,0.33320493,0.49080184,0.5493378,0.18011077,0.058111858,0.033643708,0.012234075,0.17433557,0.31196892,0.8625023,0.35172966,0.0,Yellow
0.12025208,0.98807126,0.06613864,0.024050415,0.008016805,0.0040084026,0.0,0.008016805,0.026054617,0.026054617,0.038079824,0.020042013,0.010021007,0.014029409,0.01803781,0.01803781,0.61840975,0.43110296,0.55300105,0.3478555,0.050543107,0.002973124,0.008919371,0.047569983,0.058277994,0.029138997,0.14304598,0.8556269,0.39734995,0.28609195,0.058277994,0.007946999,Gold
0.05652803,0.0,0.01995107,0.0033251783,0.0033251783,0.0066503566,0.0,0.0066503566,0.1695841,0.92439955,0.335843,0.013300713,0.0,0.0066503566,0.0,0.0033251783,0.9992338,0.030139303,0.01159204,0.0069552236,0.0,0.0069552236,0.0069552236,0.018547263,0.060511425,0.02420457,0.09278418,0.50022775,0.722103,0.46392092,0.01613638,0.0,Gray
0.03206858,0.009620574,0.0,0.0,0.0,0.0,0.009620574,0.9556437,0.2918241,0.01603429,0.009620574,0.0,0.0,0.0032068582,0.0,0.0032068582,0.42499968,0.5341212,0.40202674,0.39054024,0.44797266,0.12635127,0.0,0.05743239,0.05934997,0.36599147,0.79133296,0.32642484,0.2571832,0.25223738,0.0,0.0,Green
0.0031569155,0.037882987,0.9975853,0.041039903,0.006313831,0.018941494,0.006313831,0.0031569155,0.009470747,0.006313831,0.031569157,0.009470747,0.0,0.0031569155,0.0031569155,0.0031569155,0.32949072,0.35741365,0.4802746,0.7204119,0.07818423,0.027922941,0.011169177,0.08376882,0.118966505,0.004956938,0.009913876,0.12392344,0.37672728,0.3668134,0.8327656,0.019827751,Yellow
0.04694708,0.99824315,0.027179888,0.002470899,0.0,0.004941798,0.004941798,0.009883596,0.004941798,0.0074126967,0.014825393,0.002470899,0.002470899,0.004941798,0.004941798,0.0074126967,0.39234033,0.4359337,0.68877524,0.4228557,0.004359337,0.021796685,0.004359337,0.047952708,0.04357433,0.0784338,0.021787165,0.6449001,0.6492575,0.35295206,0.1568676,0.06971893,Gray
0.015617757,0.0,0.0062471027,0.0031235514,0.0,0.0031235514,0.009370654,0.0062471027,0.0031235514,0.99953645,0.018741308,0.0031235514,0.0062471027,0.009370654,0.0,0.0,0.1131286,0.21918666,0.27575096,0.19797505,0.23332775,0.25453937,0.4525144,0.7070538,0.08849134,0.005899423,0.06489365,0.60174114,0.5899423,0.4896521,0.19468096,0.011798846,Blue
0.013617953,0.013617953,0.99581283,0.06979201,0.017022442,0.0102134645,0.0051067322,0.0068089766,0.018724686,0.02893815,0.034044884,0.011915709,0.0017022442,0.011915709,0.0017022442,0.0034044883,0.33729747,0.30918935,0.31231248,0.42162186,0.69957995,0.15303312,0.0,0.049969997,0.05270564,0.04993166,0.008321943,0.24411033,0.36061755,0.44938493,0.77116674,0.09154137,Yellow
0.9331479,0.30699655,0.024316559,0.0,0.0030395698,0.0060791397,0.0,0.01823742,0.030395698,0.07294968,0.1307015,0.048633117,0.051672686,0.024316559,0.024316559,0.06687053,0.49435958,0.35992846,0.28187168,0.45533118,0.5290515,0.21248789,0.039028388,0.112748675,0.1047441,0.011222582,0.11596668,0.35912263,0.30675057,0.6546506,0.5686108,0.022445165,Orange
0.14398782,0.9555555,0.09162861,0.006544901,0.0021816336,0.004363267,0.006544901,0.0021816336,0.013089802,0.056722473,0.21816336,0.061085742,0.028361237,0.017453069,0.017453069,0.039269406,0.7320188,0.4986571,0.44461545,0.12282195,0.012282195,0.002456439,0.012282195,0.04912878,0.0679248,0.012578666,0.22390026,0.83019197,0.4000016,0.29685652,0.08805066,0.0,Gold
0.006006346,0.0,0.0040042307,0.016016923,0.0020021154,0.0040042307,0.0020021154,0.0040042307,0.024025384,0.99905556,0.028029615,0.006006346,0.0020021154,0.006006346,0.0,0.010010577,0.7583816,0.6500414,0.03250207,0.0027085058,0.0054170117,0.01895954,0.010834023,0.027085058,0.036580253,0.029264202,0.021948151,0.025606178,0.3767766,0.3914087,0.71331495,0.43896303,White
0.0007501749,0.0,0.0,0.0,0.0,0.0,0.002500583,0.96547514,0.25505948,0.047010962,0.023505481,0.005751341,0.0002500583,0.0,0.0,0.0,0.49223244,0.3017935,0.28952175,0.40951195,0.5699534,0.30042997,0.0,0.0,0.0,0.037504967,0.9320449,0.28857127,0.1326622,0.16117838,0.05486264,0.0049593346,Green
0.0019339621,0.0,0.0,0.0,0.0,0.0,0.0011051212,0.0,0.0024865228,0.026799189,0.038955525,0.10084231,0.9926751,0.046691373,0.0,0.0,0.21246193,0.2872322,0.78570056,0.50500566,0.0012257419,0.0,0.0,0.0,0.0,0.0,0.042789172,0.5938393,0.7869487,0.1562735,0.04130085,0.010418233,Violet
0.002833118,0.009806947,0.99638575,0.018742165,0.004576575,0.0021793214,0.007191761,0.004576575,0.020485621,0.07801971,0.012422132,0.0004358643,0.0004358643,0.0,0.0004358643,0.0,0.35538593,0.16363925,0.22755481,0.35076553,0.8074153,0.14207737,0.0,0.0,0.0,0.0,0.0,0.0051922686,0.10528766,0.4266314,0.89220476,0.10413383,Yellow
0.018088805,0.9960639,0.041879512,0.004915436,0.0023594091,0.0,0.0060951402,0.0005898523,0.018678656,0.06861948,0.024970414,0.0035391138,0.001376322,0.00019661743,0.0035391138,0.0005898523,0.43780306,0.24667613,0.71178305,0.49052772,0.015064191,0.0,0.0,0.0,0.0,0.0,0.026093341,0.6291041,0.65615207,0.37867165,0.14383158,0.094508804,Gold
0.76548296,0.00492272,0.00984544,0.00984544,0.022152241,0.00984544,0.0,0.00492272,0.044304483,0.39874032,0.2338292,0.08122488,0.08122488,0.09599304,0.07876352,0.41104713,0.12681803,0.285917,0.63870174,0.66175956,0.20752041,0.053032994,0.043809865,0.092231296,0.029372042,0.012850269,0.16705349,0.9490841,0.16705349,0.11565241,0.13584569,0.10280215,Brown
0.03252385,0.0034235634,0.0034235634,0.0,0.013694254,0.006847127,0.0085589085,0.0017117817,0.037659198,0.9363446,0.3183914,0.12667185,0.046218105,0.022253163,0.017117817,0.010270691,0.35073414,0.5288848,0.36743578,0.27000964,0.43424228,0.42310786,0.077940926,0.1252622,0.04613502,0.8523994,0.38006467,0.17794935,0.1955246,0.118632905,0.1955246,0.06810407,Black
0.5527325,0.004369427,0.0065541407,0.0065541407,0.008738854,0.010923567,0.0065541407,0.0,0.07209554,0.6510446,0.3102293,0.109235674,0.10268153,0.080834396,0.10705096,0.35829303,0.19814701,0.33296868,0.5903555,0.6393816,0.27781436,0.093966626,0.02247028,0.077624604,0.05953972,0.04106188,0.42088425,0.7493793,0.29769862,0.14782275,0.20736247,0.32028264,Brown
0.7934727,0.0,0.018669946,0.003733989,0.0056009837,0.014935956,0.0,0.009334973,0.056009836,0.47048262,0.2725812,0.09521672,0.06534481,0.1008177,0.08214776,0.2016354,0.114347965,0.23250753,0.48979044,0.5812688,0.5774572,0.09719577,0.04002179,0.10291316,0.05897043,0.050035514,0.5003551,0.78627235,0.20729,0.1340237,0.18048525,0.17869827,Brown
0.037386023,0.024924014,0.024924014,0.018693011,0.020770011,0.018693011,0.008308005,0.027001016,0.10177305,0.97203654,0.14123608,0.10800406,0.043617025,0.06646404,0.027001016,0.03946302,0.50732875,0.4321689,0.20668948,0.2881126,0.522987,0.36327243,0.07515981,0.13779299,0.057979405,0.88733697,0.2596469,0.15881315,0.16889653,0.20166749,0.17393821,0.13108388,Black
0.8373973,0.00044637383,0.0022318691,0.00044637383,0.00044637383,0.0,0.0015623084,0.00022318691,0.0037941774,0.40686974,0.13725995,0.076106735,0.056689475,0.059144534,0.089944325,0.30621246,0.103417575,0.25343248,0.47572085,0.6949186,0.44647864,0.12838043,0.0054680556,0.0,0.0,0.06628446,0.7479453,0.6044715,0.110545374,0.060297474,0.08959093,0.21660051,Brown
0.0,0.0,0.0,0.0,0.0,0.00014982533,0.00014982533,0.0,0.010337948,0.99064505,0.1360414,0.0028466813,0.0,0.0,0.0,0.0,0.029520104,0.3164348,0.8330366,0.2778515,0.21881129,0.28251258,0.012429517,0.0,0.23531744,0.92496544,0.19686846,0.1107233,0.0934456,0.07981812,0.08614516,0.12459414,Black
0.0096609555,0.00059452036,0.001634931,0.0,0.00014863009,0.0,0.0020808212,0.00044589027,0.026902046,0.9953757,0.09155613,0.004458903,0.0,0.00029726018,0.00014863009,0.0,0.11473582,0.29877323,0.80257565,0.36347386,0.1736853,0.2705925,0.12738839,0.041408416,0.52401996,0.76811105,0.23139276,0.14701906,0.11400326,0.11456763,0.15971744,0.092839286,Black
0.85588425,0.0016481952,0.00094182586,0.0,0.00023545646,0.00047091293,0.0007063694,0.00023545646,0.0030609341,0.40121782,0.13515201,0.071814224,0.05650955,0.055803183,0.09512441,0.2601794,0.08023066,0.21156208,0.3638769,0.7136826,0.5423593,0.11331038,0.007899635,0.0,0.0,0.07282141,0.6980651,0.6665246,0.099723585,0.076763965,0.1059853,0.18993863,Brown
0.5618009,0.8267261,0.022923794,0.0031908578,0.0029389479,0.005584001,0.0033587976,0.004954227,0.00743134,0.0010496243,0.0047862865,0.004492392,0.0033168127,0.00818707,0.0039885724,0.0099504385,0.029914016,0.288649,0.34557068,0.2600818,0.3858341,0.19323604,0.32607695,0.6604476,0.072673865,0.3994207,0.4005629,0.46595514,0.35623044,0.42276487,0.3898546,0.0,Orange
0.41505644,0.90932494,0.018077875,0.0022826924,0.002335168,0.0053000445,0.0032272548,0.003883201,0.0053000445,0.0027287358,0.014247149,0.0062708445,0.005195093,0.008474823,0.0033059684,0.008815915,0.05377708,0.2068276,0.3958564,0.26207998,0.46843168,0.31185946,0.29558358,0.56998944,0.061481364,0.24327159,0.62759644,0.40953666,0.40529045,0.38441333,0.2518082,0.0,Orange
0.13303454,0.9908196,0.018641783,0.0028050332,0.0018992412,0.005113342,0.0027758142,0.004499741,0.005142561,0.0011395448,0.0046750554,0.0034186342,0.002746595,0.0068372684,0.0037692634,0.0059606954,0.040825073,0.39760318,0.7419117,0.31418794,0.22405392,0.30086428,0.1953568,0.11051808,0.06991346,0.5266853,0.5082991,0.2926798,0.23417841,0.53803974,0.17083554,0.013198832,Gold
0.7527887,0.65532625,0.027897675,0.0044403053,0.0053373366,0.008073282,0.004888821,0.0057410006,0.0069968444,0.0020631722,0.006503477,0.0047542662,0.003632977,0.0067725866,0.01058497,0.05117564,0.029303605,0.26143268,0.55802965,0.43695754,0.22686183,0.34229577,0.3730089,0.34741464,0.4532646,0.43560493,0.4465371,0.44478515,0.34450352,0.29797173,0.010021156,0.0,Brown
0.41850206,0.14288765,0.019051688,0.0019051686,0.0,0.0,0.0,0.0,0.0,0.0,0.0031752812,0.0101609,0.013336181,0.019686744,0.06223551,0.8941592,0.0727397,0.0746539,0.13686548,0.4527089,0.31105793,0.39815414,0.6527431,0.2900017,0.0,0.99177784,0.12291264,0.031081356,0.014127889,0.008005803,0.0014127889,0.0061220853,Red
0.50735176,0.8584044,0.07318766,0.017986799,0.0024809376,0.0,0.0055821096,0.0012404688,0.0037214065,0.0018607032,0.0,0.0,0.0,0.0,0.0,0.0,0.084854305,0.05989716,0.2765252,0.48017555,0.53008986,0.5181104,0.35938293,0.05989716,0.7040002,0.7083767,0.04939255,0.008127888,0.0068774438,0.0056269993,0.0012504443,0.0,Brown
0.15354018,0.98704404,0.043401938,0.014000624,0.00560025,0.0023334376,0.002800125,0.0023334376,0.0042001875,0.004666875,0.0004666875,0.0,0.0,0.0,0.0,0.0,0.068984225,0.06349684,0.2610426,0.62242585,0.6247776,0.38019717,0.027436908,0.0015678233,0.3084962,0.9218233,0.2083113,0.10201756,0.031155063,0.015882973,0.0048870686,0.0048870686,Gold
0.0693055,0.7817253,0.539156,0.27314523,0.04076794,0.029556759,0.032614354,0.06624791,0.10395826,0.0,0.0,0.0,0.0,0.0,0.0030575958,0.0,0.11841751,0.28373304,0.6729866,0.51470584,0.4056679,0.1043481,0.10786545,0.023449011,0.81241834,0.5798468,0.053001,0.023731792,0.013448016,0.011074836,0.007910597,0.0039552986,Black
0.026560761,0.9417687,0.3270768,0.0682991,0.016695336,0.0045532733,0.007588789,0.008347668,0.006071031,0.012142062,0.007588789,0.0037943944,0.0045532733,0.0,0.0030355155,0.0030355155,0.06928334,0.1783027,0.6643049,0.6632861,0.27815223,0.06826446,0.011207598,0.0020377452,0.814953,0.46873114,0.33823213,0.039060928,0.012428477,0.0062142387,0.0017754968,0.004438742,Black
0.76958364,0.63448906,0.062234573,0.012143332,0.0053127077,0.0015179164,0.0022768746,0.0,0.0,0.004553749,0.014420207,0.013661248,0.00834854,0.0022768746,0.01290229,0.021250831,0.15517065,0.078127876,0.27019224,0.48612902,0.4850439,0.64238477,0.11176627,0.008680875,0.014948825,0.94245553,0.32751518,0.05571835,0.02921816,0.008833397,0.010871873,0.011551365,Brown
0.7374758,0.67477256,0.015675815,0.010688055,0.00071253703,0.0014250741,0.0014250741,0.003562685,0.0028501481,0.0028501481,0.0021376112,0.0014250741,0.0014250741,0.004987759,0.0064128335,0.018525964,0.07553443,0.04185016,0.36644408,0.4674969,0.47464204,0.64102197,0.059202664,0.0030622068,0.0027853167,0.8850344,0.46166623,0.053617347,0.018800888,0.013926583,0.0062669627,0.010444937,Brown
0.09905122,0.9899739,0.09905122,0.01453469,0.0048448965,0.00053832185,0.00053832185,0.0010766437,0.0016149655,0.0059215403,0.0059215403,0.004306575,0.0010766437,0.0,0.00053832185,0.00053832185,0.1201916,0.17759654,0.507675,0.7238405,0.39734983,0.1201916,0.00089695223,0.00089695223,0.0,0.81757015,0.5529532,0.11933708,0.078569755,0.053368136,0.039284877,0.031872638,Gold
0.9708182,0.23046735,0.057106953,0.008158136,0.002039534,0.004079068,0.006118602,0.008158136,0.004079068,0.0,0.002039534,0.012237204,0.018355805,0.02039534,0.002039534,0.004079068,0.08641738,0.04320869,0.06647491,0.29913706,0.44205812,0.6747203,0.4852668,0.1030361,0.12039317,0.0026754038,0.018727828,0.02140323,0.05618348,0.18727827,0.59393966,0.7705163,Orange
0.9752457,0.21498403,0.031270403,0.011726402,0.0,0.007817601,0.005863201,0.0039088004,0.019544002,0.0019544002,0.011726402,0.013680802,0.009772001,0.009772001,0.0,0.023452803,0.07026495,0.124560595,0.1980194,0.60683364,0.5972521,0.45033446,0.038326338,0.105397426,0.1293933,0.0056257956,0.016877387,0.33473483,0.8354306,0.31785744,0.2672253,0.022503182,Brown
0.44063953,0.8907552,0.08054701,0.0071070893,0.0,0.014214179,0.0,0.0,0.023690296,0.0,0.014214179,0.016583208,0.037904475,0.014214179,0.030797387,0.045011565,0.39537597,0.327699,0.6162166,0.50579625,0.24577425,0.131792,0.07480086,0.131792,0.37876767,0.8522273,0.15883806,0.11301939,0.10996481,0.15578349,0.21382047,0.10080108,Black
0.02152776,0.99707514,0.07024848,0.0033991197,0.0,0.0033991197,0.0,0.0,0.00793128,0.0,0.010197359,0.012463439,0.0056652,0.00793128,0.00113304,0.00113304,0.152062,0.13973264,0.38837454,0.70893764,0.54249144,0.08219567,0.0041097836,0.053427186,0.061047282,0.0019692671,0.011815603,0.061047282,0.5041324,0.7384752,0.3702222,0.23631206,Gold
0.06933099,0.8713954,0.14274028,0.051658385,0.014953743,0.0027188624,0.042142365,0.1046762,0.14681856,0.3398578,0.21207127,0.11827052,0.050298955,0.0040782937,0.03262635,0.014953743,0.93031156,0.30825248,0.1860623,0.06850055,0.012959564,0.0046284157,0.0,0.0,0.024273828,0.055687018,0.15849382,0.27129573,0.47976506,0.64968187,0.40265995,0.28843018,Gray
0.010343691,0.03861645,0.9992006,0.0,0.0,0.0,0.0,0.0,0.0,0.0,0.0,0.0,0.0,0.0,0.0,0.0,0.005668191,0.03684324,0.06801829,0.19413553,0.29758,0.44495296,0.3840199,0.72269434,0.017307986,0.009890277,0.02967083,0.015659604,0.020604745,0.050275575,0.11868332,0.99067605,Yellow
0.67551816,0.7371624,0.00599319,0.00085617,0.0,0.0,0.0,0.0,0.0,0.0,0.0,0.0,0.0,0.0,0.0042808503,0.014554891,0.025981087,0.19197138,0.31032965,0.37816918,0.39982006,0.2756882,0.16454689,0.6783951,0.076758325,0.15502171,0.20619392,0.36573082,0.4575398,0.47861072,0.24532561,0.5433285,Brown
0.034191985,0.9681216,0.24813612,0.0,0.0,0.0,0.0,0.0,0.0,0.0,0.0,0.0,0.0,0.0,0.0,0.0,0.0504611,0.4400208,0.522777,0.44405767,0.3895597,0.22606573,0.24826862,0.2623977,0.045883995,0.063090496,0.09750349,0.09176799,0.103238985,0.17493273,0.36277032,0.89617175,Gold
0.97787535,0.20026006,0.02893666,0.0,0.0013779362,0.0,0.0,0.0,0.0,0.0,0.016075922,0.0,0.0,0.0,0.0022965602,0.050524324,0.09770943,0.13891222,0.54917413,0.81758076,0.03355083,0.0,0.0,0.0,0.87904316,0.47645825,0.015865415,0.003966354,0.00049579423,0.0009915885,0.0009915885,0.0009915885,Black
0.5186516,0.054816835,0.0056222393,0.0028111197,0.0,0.0,0.0,0.0,0.0,0.0007027799,0.0021083397,0.0028111197,0.0021083397,0.0028111197,0.049194593,0.85176927,0.091240175,0.26904154,0.4725773,0.4386547,0.42578748,0.48076552,0.3017944,0.005848729,0.015608732,0.9979182,0.057752304,0.023413097,0.0031217462,0.0036420373,0.0015608731,0.0026014552,Red
0.07583868,0.89879084,0.43094817,0.024083905,0.0,0.0,0.0,0.0,0.0,0.0,0.0,0.0,0.0,0.0,0.0,0.011273317,0.06652831,0.22809708,0.4641142,0.57341075,0.59400284,0.20196097,0.06969633,0.02930414,0.36780137,0.91111887,0.16377781,0.07993251,0.035773993,0.008943498,0.0033538118,0.0011179373,Gold
0.022481205,0.9941688,0.10491229,0.010491229,0.0024979117,0.0,0.0,0.0,0.0,0.0,0.0,0.0,0.0,0.0,0.0,0.0,0.023873854,0.09766577,0.18882048,0.43189973,0.45143288,0.38415202,0.551269,0.33531913,0.00049742113,0.99633455,0.078095116,0.029347846,0.018404583,0.0034819478,0.0019896845,0.0014922634,Yellow
0.48149168,0.2510268,0.011994454,0.0,0.0,0.0,0.0,0.0,0.0,0.0,0.0,0.0,0.0,0.0,0.007710721,0.8396118,0.0071338643,0.039236255,0.23898445,0.53385085,0.35907117,0.55881935,0.4637012,0.0083228415,0.014092379,0.9994315,0.030439539,0.003382171,0.0,0.0,0.0,0.0,Red
0.0590468,0.5823794,0.79753625,0.13993283,0.029927831,0.0064708823,0.002426581,0.017794926,0.021030368,0.0,0.0,0.0,0.0,0.0,0.0,0.0,0.14915805,0.28657138,0.5919343,0.44747415,0.5155936,0.2560351,0.10217914,0.0563747,0.92142385,0.3867705,0.034795962,0.009368144,0.0066915313,0.0040149186,0.0033457656,0.0040149186,Black
0.48797473,0.20490386,0.05008761,0.015936967,0.0015178063,0.0,0.0068301284,0.0,0.008347935,0.011383547,0.005312322,0.0037945157,0.005312322,0.022008192,0.06450677,0.8439003,0.09158214,0.20192207,0.45680732,0.38508636,0.3255028,0.3387436,0.5991458,0.11916713,0.03378716,0.99697334,0.059505746,0.033282872,0.013615721,0.0060514314,0.00252143,0.00504286,Red
0.025253998,0.969365,0.24428387,0.0043708845,0.0,0.0,0.0,0.0,0.0,0.0,0.0,0.0,0.0,0.0,0.0,0.0,0.011920556,0.11359589,0.5707843,0.734166,0.3492022,0.014725393,0.0007012092,0.0,0.33607954,0.9374566,0.089693256,0.012427378,0.0043225666,0.002701604,0.0005403208,0.0,Gold
0.8173882,0.40766463,0.08853323,0.010294561,0.0,0.0020589123,0.0020589123,0.01853021,0.010294561,0.0,0.020589123,0.008235649,0.039119333,0.024706949,0.0020589123,0.39325225,0.04652147,0.042090856,0.064243935,0.29463598,0.4342004,0.16836342,0.112980716,0.8218793,0.0,0.040190097,0.3717584,0.6405297,0.5149356,0.22104554,0.35166335,0.11052277,Red
0.7235365,0.6831359,0.07896464,0.009181935,0.001836387,0.011018322,0.001836387,0.011018322,0.007345548,0.0,0.014691096,0.009181935,0.031218579,0.023873031,0.001836387,0.03672774,0.094491705,0.05967897,0.2412025,0.40283304,0.2834751,0.20390315,0.15417068,0.78825974,0.50619787,0.6232221,0.3184148,0.23949148,0.19866906,0.21227653,0.33474377,0.005442988,Black
0.79024637,0.25030428,0.026818316,0.007151551,0.0089394385,0.01609099,0.0,0.0017878878,0.0089394385,0.0,0.010727326,0.007151551,0.0089394385,0.014303102,0.007151551,0.557821,0.046902914,0.033770096,0.13132815,0.3752233,0.1707266,0.09380583,0.056283496,0.8930315,0.14687102,0.007343551,0.40634316,0.6731588,0.457748,0.23254578,0.2668157,0.15911026,Red
0.008213361,0.9996833,0.01290671,0.0023466744,0.0,0.0,0.0035200117,0.0,0.005866686,0.0023466744,0.010560035,0.010560035,0.0023466744,0.010560035,0.0,0.0011733372,0.012893658,0.017191544,0.066617236,0.35672453,0.8380878,0.32663935,0.15687284,0.1848091,0.1450161,0.1322954,0.34600335,0.643668,0.3485475,0.53426987,0.13992783,0.030529708,Gold
0.98179823,0.15436476,0.055609666,0.02205211,0.01821696,0.01821696,0.009587874,0.004793937,0.01821696,0.0038351493,0.02205211,0.002876362,0.005752724,0.013423023,0.005752724,0.08245571,0.3833426,0.12735207,0.09776522,0.0746103,0.09390607,0.087474145,0.15565252,0.88374615,0.06959734,0.02420777,0.046902556,0.26931146,0.5522398,0.5900644,0.46751258,0.21938293,Orange
0.94225967,0.22096117,0.17524506,0.097781666,0.0609548,0.07365372,0.041906428,0.07238383,0.041906428,0.0139688095,0.024127943,0.008889242,0.020318268,0.017778484,0.012698918,0.05841502,0.7601877,0.15546052,0.108394496,0.11124698,0.11267322,0.121230684,0.18826412,0.5576611,0.08786446,0.17006023,0.6462289,0.58954215,0.39113855,0.2125753,0.0028343373,0.0014171686,Brown
0.0786937,0.9713754,0.21312879,0.059840005,0.018033974,0.013935343,0.0049183564,0.005738083,0.009016987,0.0024591782,0.016394522,0.005738083,0.0049183564,0.008197261,0.0049183564,0.0122958915,0.5596464,0.2930739,0.30242732,0.3694602,0.3336054,0.32269308,0.34919444,0.18862735,0.08251562,0.032232665,0.02965405,0.36745238,0.5956596,0.58663446,0.2346538,0.319748,Gold
0.5566248,0.3188705,0.6041757,0.4125737,0.16363092,0.09510173,0.055942196,0.022376878,0.012586994,0.019579768,0.04894942,0.0055942195,0.020978324,0.013985549,0.07412341,0.06852919,0.9285497,0.20785527,0.1068415,0.08158805,0.07284647,0.048564315,0.024282157,0.261276,0.74503434,0.2810536,0.39977452,0.3597971,0.24834478,0.12235524,0.003634314,0.0,Black
0.23157562,0.025142495,0.033743877,0.013894537,0.01852605,0.0039698677,0.040691145,0.019518517,0.10917136,0.82573247,0.4816773,0.11247958,0.045322657,0.015217826,0.034405522,0.011247959,0.7426531,0.4107645,0.35437012,0.14441535,0.15241724,0.24958324,0.20804955,0.06706359,0.9399091,0.275813,0.114945,0.09899569,0.065172166,0.06324725,0.09047107,0.03244859,Black
0.18305562,0.93663466,0.020085271,0.004067903,0.004067903,0.0027966832,0.0012712197,0.003559415,0.017034344,0.28754988,0.066357665,0.02135649,0.01550888,0.015254636,0.010678245,0.018051319,0.1207334,0.16193323,0.17160623,0.1816375,0.3059535,0.6380599,0.6265956,0.058396276,0.035833906,0.026645726,0.3411878,0.72525376,0.5770178,0.11301463,0.09739472,0.019907726,Brown
0.92380923,0.008945064,0.009253515,0.0037014058,0.005552109,0.008019713,0.011412668,0.00092535146,0.008945064,0.2705111,0.08173938,0.041640814,0.034238003,0.036088705,0.054287285,0.24305898,0.09691028,0.090302765,0.24447821,0.26209825,0.59100586,0.7077387,0.056898084,0.023860486,0.012003076,0.10739594,0.6307932,0.7536668,0.08781198,0.102657884,0.05306623,0.03664097,Brown
0.04301205,0.04827883,0.4252926,0.5505981,0.052887265,0.020189328,0.025017211,0.038184166,0.08843804,0.7053098,0.032697935,0.0057056798,0.005047332,0.009216867,0.0017555938,0.0,0.9768662,0.09314084,0.07343186,0.07597495,0.088372536,0.13001572,0.027179323,0.02098053,0.010350598,0.0026427058,0.085667714,0.41512504,0.47458592,0.7289463,0.22220752,0.11936221,White
0.92002106,0.026711445,0.01236973,0.0051988717,0.0003585429,0.0030476146,0.0007170858,0.001613443,0.016851516,0.37700784,0.065971896,0.034778662,0.020436944,0.020795487,0.02599436,0.05611196,0.11614802,0.184143,0.21753556,0.29109597,0.6852733,0.59090304,0.035328355,0.022987628,0.0009622559,0.21977924,0.94031644,0.13856484,0.120666884,0.1229763,0.13356112,0.02790542,Brown
0.4058065,0.22047213,0.021358237,0.0,0.0,0.0,0.0,0.0,0.0,0.0,0.0,0.0,0.0,0.0,0.0,0.8867113,0.003203927,0.054466758,0.19864348,0.53825974,0.31932473,0.30437306,0.55855125,0.40155885,0.0,0.3027547,0.9519363,0.044852547,0.011803302,0.0023606603,0.0005901651,0.0,Red
0.98630667,0.16309942,0.02431664,0.0005930888,0.0005930888,0.0,0.0,0.0,0.0,0.0,0.0,0.0,0.0,0.0,0.0,0.0023723552,0.008333001,0.020369558,0.054627452,0.16943769,0.3129505,0.45553738,0.8138564,0.002777667,0.0,0.03779704,0.7997854,0.5964373,0.05593962,0.0060475264,0.0030237632,0.0015118816,Orange
0.4337932,0.17831814,0.017145976,0.0034291951,0.0,0.0,0.0,0.0,0.0,0.0,0.0,0.0,0.0,0.0,0.0,0.8830178,0.0053050024,0.033156265,0.13793007,0.5265215,0.35941392,0.36604518,0.55702525,0.35941392,0.0007140355,0.28061593,0.9596637,0.017136851,0.0007140355,0.0007140355,0.0007140355,0.0021421064,Red
0.10324783,0.98987603,0.09673219,0.007518046,0.00050120306,0.0,0.0015036091,0.0,0.00050120306,0.0045108274,0.0025060154,0.0060144365,0.0020048122,0.0,0.0010024061,0.0010024061,0.06411186,0.1258492,0.4978563,0.7289756,0.444034,0.060154337,0.00079150446,0.0,0.0027254382,0.82648915,0.5437249,0.10969889,0.070180036,0.053146046,0.036793415,0.011583112,Gold
0.03384272,0.9983602,0.03384272,0.0,0.0,0.028202266,0.0,0.0,0.005640453,0.0,0.005640453,0.0,0.0,0.0,0.0,0.011280906,0.0,0.040850367,0.05106296,0.17361405,0.43914145,0.3472281,0.78636956,0.18382666,0.051751066,0.017250355,0.03450071,0.25013015,0.5865121,0.7676408,0.0,0.0,Orange
0.056889452,0.17777954,0.08533418,0.014222363,0.0,0.028444726,0.014222363,0.0071111815,0.021333545,0.9528983,0.21333544,0.04977827,0.0071111815,0.0071111815,0.0,0.0071111815,0.5120584,0.35275134,0.26171872,0.3299932,0.42102578,0.4665421,0.15930705,0.12516983,0.05347732,0.046792656,0.92916846,0.32086393,0.16711663,0.02673866,0.0,0.0,Blue
0.03720172,0.08928414,0.3496962,0.2678524,0.4389803,0.63986963,0.4389803,0.0,0.029761378,0.0,0.029761378,0.0,0.0,0.0,0.0,0.0,0.103596926,0.22547567,0.6642391,0.6886149,0.14016055,0.006093937,0.01828181,0.054845434,0.050978616,0.7363578,0.6400649,0.15293585,0.14160727,0.045314327,0.0,0.0,Green
0.012819964,0.9948293,0.099995725,0.002563993,0.0,0.002563993,0.0,0.0,0.002563993,0.0,0.010255972,0.005127986,0.0,0.0,0.0,0.0,0.07807124,0.15614247,0.29391524,0.6980487,0.6199775,0.068886384,0.036739405,0.07347881,0.04415323,0.004415323,0.16778228,0.18985888,0.8654033,0.35322583,0.09713711,0.22518148,Gold
0.77929157,0.6265754,0.009010487,0.001848305,0.00023103812,0.0,0.0023103813,0.00023103812,0.0,0.0,0.0,0.0013862287,0.003927648,0.00069311436,0.0,0.00023103812,0.06747861,0.044622954,0.17250581,0.116455026,0.09958538,0.096592374,0.12516195,0.9566726,0.00043068497,0.0,0.015289317,0.061587952,0.077307954,0.06697151,0.12209919,0.9851919,Orange
0.33929512,0.6056715,0.16964756,0.6402707,0.19308572,0.045760196,0.047248334,0.042783923,0.12983991,0.12016702,0.05357291,0.015253399,0.002976273,0.0037203413,0.037203413,0.008184751,0.7467189,0.27886382,0.3310121,0.19047065,0.19860725,0.20711371,0.14978759,0.3376693,0.93429404,0.19045757,0.09024588,0.087754436,0.083878845,0.12651034,0.11903598,0.19433317,Black
0.016311299,0.99981743,0.009134328,0.0001304904,0.000652452,0.0002609808,0.000652452,0.0009134328,0.000652452,0.000652452,0.0011744136,0.0011744136,0.0030012792,0.000652452,0.0007829424,0.0003914712,0.07619174,0.21346547,0.37195715,0.27679786,0.2800127,0.45168522,0.6166066,0.26651037,0.00865395,0.08596257,0.13096312,0.16327119,0.4436592,0.41971657,0.38481233,0.65395015,Gold
0.98749506,0.15651989,0.015774682,0.00017527424,0.0,0.0,0.0019280167,0.00035054848,0.0,0.0,0.0,0.0031549362,0.0024538394,0.0,0.0,0.009289535,0.122887135,0.21791571,0.18819994,0.15136476,0.13434009,0.15291245,0.22379696,0.8874494,0.058318567,0.20395388,0.8306368,0.35989964,0.16367863,0.114059515,0.24680674,0.18655497,Brown
0.035174783,0.3291106,0.94310206,0.006268773,0.0031343866,0.008358364,0.0031343866,0.004179182,0.012537546,0.0010447955,0.020199379,0.0038309167,0.0069653033,0.012189281,0.006268773,0.006617038,0.09581282,0.041062634,0.055257127,0.107472576,0.25803557,0.35790396,0.29200095,0.83341944,0.052844446,0.033132628,0.03522963,0.013001411,0.036487833,0.48189104,0.85306036,0.18285856,Yellow
0.15907462,0.07741631,0.0399454,0.0031814922,0.0017674956,0.010958473,0.0014139966,0.0035349913,0.0123724695,0.0017674956,0.02509844,0.50939226,0.823653,0.1233712,0.0837793,0.07776981,0.17619593,0.31979173,0.76959586,0.24527715,0.44747555,0.08654558,0.023673901,0.07723126,0.04907169,0.054785512,0.7001118,0.66616493,0.21846984,0.103521094,0.029913563,0.036299605,Violet
0.8921236,0.067946106,0.033090636,0.0048532933,0.0039708763,0.007941753,0.0061769187,0.0039708763,0.011030212,0.002647251,0.018089548,0.007941753,0.0123538375,0.012795046,0.0035296679,0.44429696,0.045457996,0.046146754,0.13568524,0.4084332,0.35539886,0.3822604,0.4132545,0.60610664,0.05457623,0.029814791,0.04093217,0.020213418,0.78377527,0.56193304,0.25266773,0.011622716,Red
0.023582162,0.9987434,0.03757597,0.004146314,0.002073157,0.009847497,0.0033688804,0.0010365786,0.004405459,0.0007774339,0.014512099,0.008551773,0.0036280248,0.0075151944,0.0031097357,0.0054420372,0.05031451,0.058383815,0.34982824,0.64554465,0.63984865,0.18749274,0.042719863,0.09255971,0.052972626,0.03915368,0.040535577,0.022570945,0.27269387,0.76326644,0.4569465,0.35745007,Gold
0.023165558,0.09732868,0.9949524,0.0008332934,0.00033331738,0.0018332456,0.002166563,0.00016665869,0.0,0.0,0.00016665869,0.0023332217,0.0051664193,0.0031665151,0.0029998564,0.00033331738,0.034588594,0.01181777,0.22742,0.09742454,0.10866583,0.16400759,0.5392938,0.77968454,0.04351088,0.0121138245,0.03238594,0.060321905,0.0862801,0.12929654,0.43807545,0.8815898,Yellow
0.08695179,0.30860516,0.010905818,0.0008842555,0.001768511,0.0014737592,0.003537022,0.0,0.00029475184,0.00029475184,0.15091294,0.93053156,0.08518328,0.02240114,0.020632628,0.014737592,0.115756325,0.21361972,0.1727216,0.28665212,0.29322502,0.8595912,0.052218154,0.036881354,0.07321772,0.047750685,0.1563835,0.18463598,0.36648652,0.7747549,0.22283654,0.38678056,Violet
0.65060985,0.75874615,0.014637229,0.0,0.0,0.0005974379,0.0026884705,0.0,0.00029871895,0.0,0.0,0.0008961569,0.02807958,0.0,0.0,0.0,0.038608246,0.0606701,0.13892074,0.1465045,0.12926868,0.11479059,0.09548646,0.9565882,0.0297927,0.008419676,0.03756471,0.098445445,0.07124341,0.093587935,0.29954615,0.94041306,Orange
0.023288963,0.9979525,0.057405252,0.007967277,0.0020428915,0.0034729156,0.0036772047,0.0006128675,0.00040857831,0.0,0.0010214457,0.008171566,0.008784434,0.0036772047,0.00081715663,0.00020428916,0.076215394,0.26852635,0.24193957,0.5047054,0.5685137,0.49805877,0.15774815,0.112550646,0.11559412,0.106633335,0.13172352,0.3759049,0.32169214,0.2813686,0.5156931,0.6066451,Gold
0.021015892,0.14260784,0.9894148,0.00033358557,0.0,0.00066717115,0.0015011351,0.0,0.00016679279,0.0,0.00066717115,0.002335099,0.016012108,0.0033358557,0.0018347206,0.0,0.0358619,0.023807479,0.19498025,0.11331155,0.16544692,0.32757887,0.58494073,0.6858965,0.02902967,0.031932637,0.07019902,0.09843697,0.10688196,0.1736502,0.7822176,0.57452357,Yellow
0.081675105,0.20551287,0.010600898,0.0069869556,0.0024092952,0.0038548722,0.004577661,0.0007227885,0.0019274361,0.003373013,0.10841828,0.9644408,0.081916034,0.024333881,0.029393401,0.028429683,0.1673715,0.1747506,0.17072563,0.24351043,0.4487837,0.7986203,0.079828486,0.08620135,0.1486335,0.12106738,0.17694464,0.2674658,0.6556265,0.55840003,0.27789623,0.20376572,Violet
0.022288034,0.99654764,0.07856932,0.0035276024,0.0,0.00064138224,0.0020844922,0.00016034556,0.00064138224,0.00016034556,0.0017638012,0.0067345137,0.012506953,0.00048103667,0.0,0.00016034556,0.20426668,0.20716408,0.32921705,0.5331215,0.5534033,0.41143075,0.17022224,0.13509126,0.11616211,0.14079142,0.2551155,0.40877298,0.29518408,0.325695,0.51096624,0.5293463,Gold
0.976784,0.21098763,0.008302092,0.0,0.000286279,0.001145116,0.001145116,0.00085883704,0.000572558,0.0,0.0017176741,0.0017176741,0.024333715,0.0060118595,0.0025765111,0.025765112,0.17849034,0.09758584,0.051712155,0.15513647,0.1768222,0.0971688,0.14971502,0.9320699,0.14080597,0.23946932,0.84235686,0.29053628,0.121965736,0.121965736,0.27417502,0.15468825,Brown
0.07196001,0.22580555,0.024813797,0.00082712655,0.0011028354,0.0005514177,0.00082712655,0.0016542531,0.00027570885,0.0022056708,0.18803343,0.95147127,0.040529203,0.022332417,0.01213119,0.016266823,0.12868129,0.2680553,0.23855816,0.12794386,0.39894888,0.82038933,0.070055716,0.034659144,0.09506187,0.097777925,0.18391562,0.18585566,0.7729112,0.4365086,0.3445508,0.079929575,Violet
0.023142045,0.12945625,0.9912799,0.0033060063,0.000522001,0.001044002,0.0017400034,0.00034800067,0.0013920027,0.00017400034,0.00017400034,0.007134014,0.00017400034,0.000522001,0.00069600134,0.00069600134,0.043027192,0.016331488,0.28077596,0.16017422,0.12468463,0.17901824,0.7167011,0.5763131,0.039267033,0.015388432,0.058104597,0.08065661,0.12443405,0.20853978,0.90022326,0.34491313,Yellow
0.97185206,0.18310256,0.010098545,0.0015945071,0.0015945071,0.0013287559,0.002923263,0.0018602583,0.00053150236,0.0,0.00026575118,0.0047835214,0.0,0.00079725357,0.00026575118,0.14775765,0.054263525,0.050387558,0.2740308,0.13217044,0.10852705,0.14341074,0.28837186,0.88682103,0.08496115,0.043338772,0.13516548,0.16691864,0.15919489,0.6389251,0.6715364,0.24544334,Red
0.033044923,0.9989871,0.030202348,0.0031978956,0.00017766087,0.0,0.00035532174,0.0010659653,0.00017766087,0.0,0.00017766087,0.0030202349,0.0,0.0,0.00017766087,0.0,0.10459023,0.25849944,0.47830898,0.21385726,0.29378802,0.54378414,0.4791593,0.1900481,0.07707544,0.11105493,0.20014751,0.34601068,0.47405538,0.40816832,0.58676785,0.2937983,Gold
0.2020485,0.45311466,0.40728512,0.7217156,0.13350344,0.044633985,0.09165908,0.05937914,0.07810947,0.16139968,0.04742361,0.02112144,0.0063762837,0.0039851773,0.016737744,0.013549603,0.6556413,0.30585328,0.337537,0.26318592,0.28599817,0.2065777,0.19136953,0.36372885,0.96075183,0.18419932,0.090376936,0.07553497,0.046381123,0.11184476,0.097002804,0.07129441,Black
0.9868562,0.16067143,0.013520984,0.00052679155,0.0,0.0,0.0019315691,0.00052679155,0.0,0.0,0.00035119438,0.0024583607,0.0024583607,0.0,0.0,0.01000904,0.10031294,0.18880653,0.18880653,0.14395362,0.1288006,0.14759034,0.24214514,0.8949369,0.12142579,0.23924163,0.8352125,0.32522422,0.14341371,0.12470757,0.24285159,0.17196518,Brown
0.02474544,0.99951893,0.01855908,0.00028119818,0.0,0.0,0.0009841936,0.0,0.0,0.0,0.0,0.00154659,0.0012653918,0.0,0.0,0.0,0.059910942,0.22725995,0.23897438,0.23328452,0.288175,0.5227983,0.6222036,0.2995547,0.067367256,0.098955736,0.13215587,0.1972668,0.45738822,0.4519086,0.3955006,0.59953636,Gold
0.8072088,0.5902098,0.005734646,0.0,0.0,0.0,0.0022938584,0.0,0.0,0.0,0.00045877168,0.00045877168,0.0032114019,0.001376315,0.0006881575,0.0038995594,0.031160962,0.03673447,0.17581877,0.09120282,0.06308195,0.090949476,0.107669994,0.96674985,0.033670638,0.012681149,0.024269097,0.0599075,0.05706517,0.067341276,0.10669657,0.98759913,Orange
0.448775,0.86771816,0.16861488,0.07782225,0.024643714,0.016861489,0.012970376,0.018158525,0.015564451,0.038911127,0.04409928,0.02723779,0.02204964,0.015564451,0.02723779,0.062257804,0.77397525,0.50633895,0.21555573,0.23146924,0.16636851,0.10416116,0.062207356,0.046293847,0.46828252,0.5715802,0.27718195,0.25824404,0.13773015,0.077473216,0.23758452,0.4786123,Black
0.9607645,0.22910538,0.08868596,0.014780993,0.0029561985,0.0014780993,0.002217149,0.0036952482,0.004434298,0.0066514467,0.008868596,0.0036952482,0.002217149,0.00073904963,0.0029561985,0.12711653,0.4464664,0.5242908,0.31402835,0.2990096,0.22664656,0.22937723,0.42189026,0.23620394,0.08962788,0.05532585,0.10179957,0.30318567,0.7579642,0.18589486,0.20913172,0.48354796,Brown
0.900973,0.40617636,0.06154187,0.0065644663,0.0049233497,0.0008205583,0.0041027917,0.007385025,0.009026141,0.0024616749,0.0032822331,0.0024616749,0.0008205583,0.0,0.0024616749,0.13867435,0.31721193,0.5804009,0.27565578,0.19254349,0.13575009,0.27565578,0.43495435,0.40725026,0.059511796,0.028565662,0.042848494,0.095218875,0.042055003,0.040468022,0.22773181,0.9640911,Red
0.060952913,0.99257004,0.10458236,0.010907363,0.0025664384,0.0006416096,0.0006416096,0.0,0.0006416096,0.0019248289,0.0025664384,0.0025664384,0.0,0.0,0.0025664384,0.0012832192,0.32684323,0.5898849,0.6133907,0.38840616,0.13431913,0.0044773044,0.0044773044,0.0044773044,0.059540987,0.021984365,0.044884745,0.11266987,0.06961715,0.14564641,0.30961314,0.9270074,Gold
0.98556316,0.04706683,0.0,0.0,0.0,0.0,0.0,0.0,0.0,0.0117667075,0.013389701,0.015012695,0.0064919763,0.010143713,0.024344912,0.15864767,0.00951659,0.029818648,0.08691819,0.48280835,0.3064342,0.19857952,0.7854359,0.09009039,0.0006205148,0.073220745,0.17064157,0.30094966,0.56901205,0.73655105,0.09307722,0.0018615443,Red
0.97789997,0.04861806,0.0,0.0,0.0,0.0,0.0,0.0,0.0,0.031078633,0.021539647,0.013846916,0.01200066,0.007692731,0.019385682,0.19785704,0.00268705,0.024183448,0.11599099,0.45635065,0.24452154,0.2086942,0.81865454,0.0644892,0.0004554877,0.0888201,0.17946215,0.35027003,0.665923,0.6253846,0.05101462,0.007287803,Red
0.39904514,0.90738,0.022041619,0.0018368015,0.0,0.0,0.0022960019,0.00045920038,0.019745616,0.123524904,0.02571522,0.020664018,0.006888006,0.0055104047,0.003673603,0.010102408,0.06211801,0.16109726,0.27236357,0.7160637,0.43346083,0.3829473,0.21161081,0.06280062,0.17378405,0.46771508,0.43767834,0.44769058,0.3654471,0.4734364,0.035042875,0.011442571,Gold
0.41374147,0.90540355,0.019056669,0.008469631,0.0,0.0,0.00042348154,0.0,0.008469631,0.080461495,0.0275263,0.027949782,0.0105870385,0.0050817784,0.010163557,0.017362744,0.06507184,0.19521552,0.31549984,0.64808923,0.46470496,0.41935188,0.20310302,0.07098746,0.1168277,0.43776026,0.38140807,0.4226414,0.41783082,0.5264119,0.11957659,0.068034954,Gold
0.97226065,0.02153618,0.012921709,0.010963874,0.0,0.0,0.0027409685,0.004698803,0.0019578347,0.0011747008,0.0015662677,0.0,0.0011747008,0.00078313384,0.0015662677,0.23219919,0.06641649,0.09349894,0.07157505,0.23987314,0.39527482,0.72864693,0.4868393,0.0019344608,0.0,0.56530845,0.8244451,0.024848722,0.0062121805,0.005324726,0.0035498175,0.004437272,Orange
0.9763843,0.034411684,0.008319308,0.034411684,0.0045378045,0.0,0.00075630075,0.0,0.0,0.0,0.00037815038,0.0,0.0,0.0,0.003025203,0.21025161,0.118162274,0.09720739,0.07450626,0.11874435,0.30384585,0.83295673,0.4132769,0.0,0.0,0.50283116,0.86422825,0.016445827,0.0,0.0,0.0,0.0,Orange
0.29922798,0.031023636,0.02501906,0.03352554,0.0050038123,0.00400305,0.004503431,0.0,0.0,0.0,0.0,0.0,0.0,0.0,0.0015011437,0.9527258,0.16407935,0.12243485,0.17240825,0.35147962,0.29734176,0.3623072,0.7645931,0.023320923,0.0,0.96971095,0.24066846,0.038000286,0.016419876,0.004691393,0.0018765572,0.0004691393,Red
0.1372036,0.9685224,0.18848626,0.07287535,0.028340416,0.02924011,0.017544067,0.016194522,0.00854711,0.00044984787,0.0,0.0,0.0,0.0,0.0,0.0,0.28924546,0.27129707,0.54121345,0.6392394,0.35482618,0.11942593,0.031754874,0.004832263,0.34425566,0.9157492,0.1951915,0.057780568,0.027676407,0.020878693,0.010196571,0.012138775,Gold
0.773811,0.33927938,0.09374029,0.041124772,0.053522684,0.030238803,0.053522684,0.10644059,0.48744953,0.04021761,0.035984177,0.006047761,0.0114907455,0.015724178,0.020864775,0.12760775,0.24382299,0.39174026,0.7645399,0.3752048,0.1581392,0.15573405,0.026156103,0.10883344,0.890611,0.43459094,0.13338137,0.010414161,0.004806536,0.0026035402,0.0022029956,0.0030040848,Brown
0.24816129,0.035621237,0.04393286,0.022164324,0.037204403,0.028892782,0.026518032,0.053431854,0.39064622,0.11161321,0.070846684,0.03166332,0.01820641,0.03364228,0.060951892,0.867575,0.2503003,0.21867871,0.24762803,0.3393751,0.73219514,0.4017275,0.031176193,0.1206964,0.14072157,0.96258724,0.23031862,0.02401304,0.0,0.0,0.0,0.0,Red
0.24389993,0.0789366,0.22452028,0.10304299,0.2519354,0.15361914,0.29258537,0.3048749,0.7657323,0.11060578,0.08508137,0.007562788,0.005199417,0.018434295,0.034032546,0.015125576,0.5822981,0.6405279,0.3489745,0.18358566,0.21755305,0.18075503,0.033563014,0.11848149,0.90110105,0.39849386,0.1707459,0.007287935,0.002082267,0.0013014169,0.0007808502,0.0023425505,Black
0.7548777,0.23706093,0.07173783,0.03880365,0.03065162,0.023477837,0.02445608,0.12586729,0.5546639,0.07108567,0.043368783,0.012717161,0.016304053,0.016956216,0.027064728,0.1826054,0.2505633,0.31749228,0.48666456,0.6810613,0.33430862,0.12309553,0.016143676,0.09248981,0.834737,0.5396703,0.10797813,0.016967991,0.0035258164,0.0022036352,0.0008814541,0.0022036352,Brown
0.7079157,0.49135217,0.15917632,0.06492718,0.0477529,0.030997494,0.04398293,0.18263389,0.41427732,0.053617287,0.055711713,0.008796587,0.015498747,0.010053242,0.030997494,0.10178907,0.3100164,0.41854158,0.6511511,0.5087847,0.1808753,0.078962766,0.017115083,0.081296645,0.88363373,0.45783743,0.097625256,0.0067586717,0.0,0.0,0.0,0.0,Black
0.7343142,0.15857758,0.0,0.0,0.0,0.0,0.0,0.0,0.0,0.0,0.0,0.0,0.0,0.0,0.0014286268,0.6600256,0.0116631575,0.2146021,0.3335663,0.32423577,0.59715366,0.3032421,0.42687157,0.32656842,0.005696087,0.02420837,0.042720653,0.06408098,0.08828935,0.12673794,0.24350773,0.9540946,Red
0.40057287,0.91609275,0.017416213,0.0,0.0,0.0,0.0,0.0,0.0,0.0,0.0,0.0,0.0,0.0,0.0,0.0034832424,0.0,0.1965379,0.5378932,0.48617268,0.31652945,0.1861938,0.12619802,0.53375554,0.071928374,0.1460364,0.22232407,0.40323484,0.42067203,0.34002507,0.28335422,0.6233793,Brown
0.09794101,0.9279911,0.32320535,0.09059544,0.022036728,0.017139677,0.012242626,0.007345576,0.009794101,0.007345576,0.026933778,0.08569838,0.04162493,0.014691152,0.07345576,0.0048970506,0.9176606,0.37423036,0.13336933,0.007962348,0.0,0.0,0.0,0.0,0.0,0.002942322,0.20890486,0.21184719,0.3619056,0.7856,0.35602096,0.19125094,Gray
0.028787836,0.97775835,0.20768368,0.0,0.0,0.0,0.0,0.0,0.0,0.0,0.0,0.0,0.0,0.0,0.001028137,0.0051406855,0.080055684,0.47642893,0.5760104,0.577963,0.22454643,0.15230106,0.097628884,0.13277528,0.040255636,0.089801036,0.120766915,0.106832266,0.120766915,0.16876402,0.2694031,0.9212348,Gold
0.23445256,0.7897833,0.10757235,0.043212824,0.03126034,0.014710749,0.044132248,0.08550622,0.18388435,0.43304765,0.23904966,0.12320252,0.037696294,0.014710749,0.03034092,0.034018606,0.17587869,0.393856,0.4920861,0.4920861,0.5145387,0.20113786,0.12161824,0.098230116,0.9267154,0.20793681,0.18372923,0.24704134,0.050897963,0.006207069,0.006827776,0.022345448,Black
0.64958453,0.65896,0.01674187,0.0073664226,0.0020090244,0.0006696748,0.0020090244,0.0,0.006027073,0.09241512,0.058261704,0.022768943,0.016072195,0.01272382,0.06027073,0.35626698,0.09640447,0.11773989,0.2741996,0.6756215,0.44330254,0.44093195,0.22994837,0.037139427,0.11586359,0.7971162,0.3260642,0.48877975,0.06774538,0.013928956,0.014562091,0.031023584,Brown
0.1356831,0.88834035,0.11178923,0.06400146,0.094722174,0.054614585,0.053761233,0.073388346,0.11178923,0.31830063,0.17237729,0.10154899,0.030720703,0.007680176,0.012800293,0.024747234,0.11743101,0.33151677,0.5708954,0.55373234,0.44081792,0.16801667,0.10117133,0.10478459,0.9021629,0.24731363,0.19745201,0.26393417,0.12698093,0.0039889296,0.004653751,0.011301967,Black
0.3388473,0.93703586,0.008518508,0.0018930017,0.0,0.0,0.00094650086,0.0,0.0056790053,0.0525308,0.030761277,0.02176952,0.012777762,0.007572007,0.008518508,0.050637797,0.11059394,0.26668537,0.25758588,0.66846335,0.5858679,0.24008684,0.050397236,0.005599693,0.11099273,0.4642833,0.43236384,0.69932675,0.25608125,0.11171817,0.0935821,0.09648387,Gold
0.95345694,0.28837815,0.07980945,0.03724441,0.0,0.0,0.0,0.0,0.0,0.0,0.0,0.0,0.0,0.0,0.0,0.001064126,0.0,0.006965752,0.041020542,0.34519172,0.2786301,0.42955473,0.7793903,0.09752053,0.00041987485,0.99720275,0.07473772,0.0008397497,0.0,0.0,0.0,0.0,Orange
0.94445753,0.3106768,0.09651693,0.0070420075,0.0,0.0,0.0,0.0,0.0,0.0,0.0,0.0,0.0,0.0,0.0008284715,0.045980167,0.025366524,0.052001372,0.15854077,0.37986368,0.30312997,0.45723158,0.72358006,0.052001372,0.0033254917,0.9953196,0.089455724,0.036247857,0.0033254917,0.0,0.0006650983,0.0,Orange
0.0034099687,0.19232222,0.5803767,0.78633875,0.072973326,0.030689718,0.02386978,0.007501931,0.030689718,0.0,0.0,0.0,0.0,0.0,0.0,0.0,0.055381406,0.20474339,0.52108866,0.6268168,0.51773226,0.14348818,0.0411165,0.015943132,0.9223119,0.38380593,0.044964712,0.002676471,0.0021411767,0.0,0.0005352942,0.0,Black
0.00688491,0.35014686,0.935856,0.038850565,0.0029506758,0.0019671172,0.0004917793,0.0,0.0,0.0,0.0,0.0,0.0,0.0,0.0009835586,0.0004917793,0.032350246,0.09190411,0.49040034,0.5992148,0.59995,0.17572066,0.011763726,0.0,0.40994355,0.89452827,0.15861258,0.06531106,0.04723389,0.010496421,0.0005831345,0.0005831345,Gold
